ticker,name,market
1301.T,極洋,Prime
130A.T,Ｖｅｒｉｔａｓ　Ｉｎ　Ｓｉｌｉｃｏ,Growth
1332.T,ニッスイ,Prime
1333.T,マルハニチロ,Prime
135A.T,ＶＲＡＩＮ　Ｓｏｌｕｔｉｏｎ,Growth
1375.T,ユキグニファクトリー,Prime
1376.T,カネコ種苗,Standard
1377.T,サカタのタネ,Prime
1379.T,ホクト,Prime
137A.T,Ｃｏｃｏｌｉｖｅ,Growth
1380.T,秋川牧園,Standard
1381.T,アクシーズ,Standard
1382.T,ホーブ,Standard
1383.T,ベルグアース,Standard
1384.T,ホクリヨウ,Standard
138A.T,光フードサービス,Growth
1401.T,エムビーエス,Growth
1407.T,ウエストホールディングス,Standard
1414.T,ショーボンドホールディングス,Prime
1417.T,ミライト・ワン,Prime
1418.T,インターライフホールディングス,Standard
1419.T,タマホーム,Prime
141A.T,トライアルホールディングス,Growth
1420.T,サンヨーホームズ,Standard
1429.T,日本アクア,Prime
142A.T,ジンジブ,Growth
1430.T,ファーストコーポレーション,Standard
1431.T,Ｌｉｂ　Ｗｏｒｋ,Growth
1433.T,ベステラ,Prime
1434.T,ＪＥＳＣＯホールディングス,Standard
1435.T,ｒｏｂｏｔ　ｈｏｍｅ,Standard
1436.T,グリーンエナジー＆カンパニー,Growth
1438.T,岐阜造園,Standard
143A.T,イシン,Growth
1443.T,技研ホールディングス,Standard
1444.T,ニッソウ,Growth
1446.T,キャンディル,Standard
1447.T,ＳＡＡＦホールディングス,Growth
1450.T,ＴＡＮＡＫＥＮ,Standard
145A.T,Ｌ　ｉｓ　Ｂ,Growth
146A.T,コロンビア・ワークス,Standard
147A.T,ソラコム,Growth
148A.T,ハッチ・ワーク,Growth
1491.T,中外鉱業,Standard
149A.T,シンカ,Growth
150A.T,ＪＳＨ,Growth
1514.T,住石ホールディングス,Standard
1515.T,日鉄鉱業,Prime
1518.T,三井松島ホールディングス,Prime
151A.T,ダイブ,Growth
153A.T,カウリス,Growth
155A.T,情報戦略テクノロジー,Growth
156A.T,マテリアルグループ,Growth
157A.T,グリーンモンスター,Growth
1605.T,ＩＮＰＥＸ,Prime
160A.T,アズパートナーズ,Standard
1662.T,石油資源開発,Prime
1663.T,Ｋ＆Ｏエナジーグループ,Prime
166A.T,タスキホールディングス,Growth
167A.T,リョーサン菱洋ホールディングス,Prime
168A.T,イタミアート,Growth
1711.T,ＳＤＳホールディングス,Standard
1716.T,第一カッター興業,Standard
1717.T,明豊ファシリティワークス,Standard
1718.T,美樹工業,Standard
1719.T,安藤・間,Prime
1720.T,東急建設,Prime
1721.T,コムシスホールディングス,Prime
1723.T,日本電技,Standard
1724.T,シンクレイヤ,Standard
1726.T,ビーアールホールディングス,Prime
1736.T,オーテック,Standard
173A.T,ハンモック,Growth
1758.T,太洋基礎工業,Standard
175A.T,Ｗｉｌｌ　Ｓｍａｒｔ,Growth
1762.T,高松コンストラクショングループ,Prime
1764.T,工藤建設,Standard
1766.T,東建コーポレーション,Prime
1768.T,ソネック,Standard
1770.T,藤田エンジニアリング,Standard
1776.T,三井住建道路,Standard
177A.T,コージンバイオ,Growth
1780.T,ヤマウラ,Prime
1783.T,ｆａｎｔａｓｉｓｔａ,Standard
1786.T,オリエンタル白石,Prime
1787.T,ナカボーテック,Standard
1788.T,三東工業社,Standard
1793.T,大本組,Standard
1795.T,マサル,Standard
1798.T,守谷商会,Standard
1799.T,第一建設工業,Standard
1801.T,大成建設,Prime
1802.T,大林組,Prime
1803.T,清水建設,Prime
1807.T,佐藤渡辺,Standard
1808.T,長谷工コーポレーション,Prime
1810.T,松井建設,Standard
1811.T,錢高組,Standard
1812.T,鹿島建設,Prime
1813.T,不動テトラ,Prime
1814.T,大末建設,Prime
1815.T,鉄建建設,Prime
1820.T,西松建設,Prime
1822.T,大豊建設,Standard
1826.T,佐田建設,Standard
1827.T,ナカノフドー建設,Standard
1828.T,田辺工業,Standard
1833.T,奥村組,Prime
1835.T,東鉄工業,Prime
1840.T,土屋ホールディングス,Standard
1841.T,サンユー建設,Standard
1844.T,大盛工業,Standard
1847.T,イチケン,Standard
1848.T,富士ピー・エス,Standard
184A.T,学びエイド,Growth
1850.T,南海辰村建設,Standard
1852.T,淺沼組,Prime
1853.T,森組,Standard
1860.T,戸田建設,Prime
1861.T,熊谷組,Prime
1866.T,北野建設,Standard
1867.T,植木組,Standard
186A.T,アストロスケールホールディングス,Growth
1870.T,矢作建設工業,Prime
1871.T,ピーエス・コンストラクション,Prime
1873.T,日本ハウスホールディングス,Prime
1878.T,大東建託,Prime
1879.T,新日本建設,Prime
1882.T,東亜道路工業,Prime
1885.T,東亜建設工業,Prime
1887.T,日本国土開発,Prime
1888.T,若築建設,Prime
1893.T,五洋建設,Prime
1897.T,金下建設,Standard
1898.T,世紀東急工業,Prime
1899.T,福田組,Prime
189A.T,Ｄ＆Ｍカンパニー,Growth
1904.T,大成温調,Standard
1905.T,テノックス,Standard
1909.T,日本ドライケミカル,Standard
190A.T,Ｃｈｏｒｄｉａ　Ｔｈｅｒａｐｅｕｔｉｃｓ,Growth
1911.T,住友林業,Prime
1914.T,日本基礎技術,Standard
1921.T,巴コーポレーション,Standard
1925.T,大和ハウス工業,Prime
1926.T,ライト工業,Prime
1928.T,積水ハウス,Prime
1929.T,日特建設,Prime
192A.T,インテグループ,Growth
1930.T,北陸電気工事,Prime
1934.T,ユアテック,Prime
1938.T,日本リーテック,Prime
1939.T,四電工,Prime
1941.T,中電工,Prime
1942.T,関電工,Prime
1944.T,きんでん,Prime
1945.T,東京エネシス,Prime
1946.T,トーエネック,Prime
1948.T,弘電社,Standard
1949.T,住友電設,Prime
194A.T,ＷＯＬＶＥＳ　ＨＡＮＤ,Growth
1950.T,日本電設工業,Prime
1951.T,エクシオグループ,Prime
1952.T,新日本空調,Prime
1959.T,クラフティア,Prime
195A.T,ＭＵＳＣＡＴ　ＧＲＯＵＰ,Growth
1960.T,サンテック,Standard
1961.T,三機工業,Prime
1963.T,日揮ホールディングス,Prime
1964.T,中外炉工業,Prime
1965.T,テクノ菱和,Standard
1966.T,高田工業所,Standard
1967.T,ヤマト,Standard
1968.T,太平電業,Prime
1969.T,高砂熱学工業,Prime
196A.T,ＭＦＳ,Growth
1972.T,三晃金属工業,Standard
1975.T,朝日工業社,Prime
1976.T,明星工業,Prime
1979.T,大氣社,Prime
197A.T,タウンズ,Standard
1980.T,ダイダン,Prime
1981.T,協和日成,Standard
1982.T,日比谷総合設備,Prime
198A.T,ＰｏｓｔＰｒｉｍｅ,Growth
1992.T,神田通信機,Standard
1994.T,高橋カーテンウォール工業,Standard
1997.T,暁飯島工業,Standard
2001.T,ニップン,Prime
2002.T,日清製粉グループ本社,Prime
2003.T,日東富士製粉,Standard
2004.T,昭和産業,Prime
2009.T,鳥越製粉,Standard
202A.T,豆蔵,Growth
2053.T,中部飼料,Prime
2055.T,日和産業,Standard
205A.T,ロゴスホールディングス,Growth
2060.T,フィード・ワン,Prime
206A.T,ＰＲＩＳＭ　ＢｉｏＬａｂ,Growth
208A.T,構造計画研究所ホールディングス,Standard
2108.T,日本甜菜製糖,Prime
2109.T,ＤＭ三井製糖,Prime
2112.T,塩水港精糖,Standard
2114.T,フジ日本,Standard
2117.T,ウェルネオシュガー,Prime
211A.T,カドス・コーポレーション,Standard
2120.T,ＬＩＦＵＬＬ,Prime
2121.T,ＭＩＸＩ,Prime
2122.T,インタースペース,Standard
2124.T,ジェイエイシーリクルートメント,Prime
2127.T,日本Ｍ＆Ａセンターホールディングス,Prime
212A.T,フィットイージー,Prime
2130.T,メンバーズ,Prime
2134.T,北浜キャピタルパートナーズ,Standard
2136.T,ヒップ,Standard
2138.T,クルーズ,Standard
2139.T,中広,Standard
2146.T,ＵＴグループ,Prime
2148.T,アイティメディア,Prime
2152.T,幼児活動研究会,Standard
2153.T,Ｅ・Ｊホールディングス,Prime
2154.T,オープンアップグループ,Prime
2156.T,セーラー広告,Standard
2157.T,コシダカホールディングス,Prime
2158.T,ＦＲＯＮＴＥＯ,Growth
215A.T,タイミー,Growth
2160.T,ジーエヌアイグループ,Growth
2162.T,ｎｍｓ　ホールディングス,Standard
2163.T,アルトナー,Prime
2164.T,地域新聞社,Growth
2168.T,パソナグループ,Prime
2169.T,ＣＤＳ,Standard
2170.T,リンクアンドモチベーション,Prime
2173.T,博展,Growth
2175.T,エス・エム・エス,Prime
2179.T,成学社,Standard
2180.T,サニーサイドアップグループ,Standard
2181.T,パーソルホールディングス,Prime
2183.T,リニカル,Standard
2185.T,シイエム・シイ,Standard
2186.T,ソーバル,Standard
218A.T,Ｌｉｂｅｒａｗａｒｅ,Growth
2193.T,クックパッド,Standard
2195.T,アミタホールディングス,Growth
2196.T,エスクリ,Standard
2198.T,アイ・ケイ・ケイホールディングス,Prime
219A.T,Ｈｅａｒｔｓｅｅｄ,Growth
2201.T,森永製菓,Prime
2204.T,中村屋,Standard
2206.T,江崎グリコ,Prime
2207.T,ｍｅｉｔｏ,Prime
2208.T,ブルボン,Standard
2209.T,井村屋グループ,Prime
220A.T,Ｆａｂｅｒ　Ｃｏｍｐａｎｙ,Standard
2211.T,不二家,Prime
2212.T,山崎製パン,Prime
2215.T,第一屋製パン,Standard
2216.T,カンロ,Standard
2217.T,モロゾフ,Prime
2220.T,亀田製菓,Prime
2221.T,岩塚製菓,Standard
2222.T,寿スピリッツ,Prime
2224.T,コモ,Standard
2226.T,湖池屋,Standard
2229.T,カルビー,Prime
2264.T,森永乳業,Prime
2266.T,六甲バター,Prime
2267.T,ヤクルト本社,Prime
2268.T,Ｂ－Ｒ　サーティワン　アイスクリーム,Standard
2269.T,明治ホールディングス,Prime
2270.T,雪印メグミルク,Prime
2281.T,プリマハム,Prime
2282.T,日本ハム,Prime
2286.T,林兼産業,Standard
2288.T,丸大食品,Prime
228A.T,オプロ,Growth
2291.T,福留ハム,Standard
2292.T,Ｓ　Ｆｏｏｄｓ,Prime
2293.T,滝沢ハム,Standard
2294.T,柿安本店,Prime
2296.T,伊藤ハム米久ホールディングス,Prime
2300.T,きょくとう,Standard
2301.T,学情,Prime
2303.T,ドーン,Standard
2304.T,ＣＳＳホールディングス,Standard
2305.T,スタジオアリス,Standard
2307.T,クロスキャット,Prime
2311.T,エプコ,Standard
2315.T,ＣＡＩＣＡ　ＤＩＧＩＴＡＬ,Standard
2317.T,システナ,Prime
2321.T,ソフトフロントホールディングス,Growth
2323.T,ｆｏｎｆｕｎ,Standard
2325.T,ＮＪＳ,Prime
2326.T,デジタルアーツ,Prime
2327.T,日鉄ソリューションズ,Prime
2329.T,東北新社,Standard
2330.T,フォーサイド,Standard
2331.T,ＡＬＳＯＫ,Prime
2332.T,クエスト,Standard
2334.T,イオレ,Growth
2335.T,キューブシステム,Prime
2337.T,いちご,Prime
2338.T,クオンタムソリューションズ,Standard
2340.T,極楽湯ホールディングス,Standard
2341.T,アルバイトタイムス,Standard
2342.T,トランスジェニックグループ,Growth
2344.T,平安レイサービス,Standard
2345.T,クシム,Standard
2349.T,エヌアイデイ,Standard
2351.T,ＡＳＪ,Growth
2353.T,日本駐車場開発,Prime
2354.T,ＹＥ　ＤＩＧＩＴＡＬ,Standard
2359.T,コア,Prime
2370.T,メディネット,Growth
2371.T,カカクコム,Prime
2373.T,ケア２１,Standard
2374.T,セントケア・ホールディング,Prime
2375.T,ギグワークス,Standard
2376.T,サイネックス,Standard
2378.T,ルネサンス,Prime
2379.T,ディップ,Prime
2384.T,ＳＢＳホールディングス,Prime
2385.T,総医研ホールディングス,Growth
2388.T,ウェッジホールディングス,Growth
2389.T,デジタルホールディングス,Prime
2391.T,プラネット,Standard
2393.T,日本ケアサプライ,Standard
2395.T,新日本科学,Prime
2404.T,鉄人化ホールディングス,Standard
2408.T,ＫＧ情報,Standard
2410.T,キャリアデザインセンター,Prime
2411.T,ゲンダイエージェンシー,Standard
2413.T,エムスリー,Prime
2415.T,ヒューマンホールディングス,Standard
2418.T,ツカダ・グローバルホールディング,Standard
241A.T,ＲＯＸＸ,Growth
2424.T,ブラス,Standard
2425.T,ケアサービス,Standard
2428.T,ウェルネット,Standard
2429.T,ワールドホールディングス,Prime
2432.T,ディー・エヌ・エー,Prime
2433.T,博報堂ＤＹホールディングス,Prime
2435.T,シダー,Standard
2436.T,共同ピーアール,Standard
2437.T,Ｓｈｉｎｗａ　Ｗｉｓｅ　Ｈｏｌｄｉｎｇｓ,Standard
2438.T,アスカネット,Growth
2440.T,ぐるなび,Standard
2445.T,タカミヤ,Prime
2449.T,プラップジャパン,Standard
244A.T,グロースエクスパートナーズ,Growth
2454.T,オールアバウト,Standard
2459.T,アウンコンサルティング,Standard
245A.T,ＩＮＧＳ,Growth
2461.T,ファンコミュニケーションズ,Prime
2462.T,ライク,Prime
2464.T,Ａｏｂａ‐ＢＢＴ,Standard
2469.T,ヒビノ,Standard
246A.T,アスア,Growth
2471.T,エスプール,Prime
2475.T,ＷＤＢホールディングス,Prime
2477.T,手間いらず,Standard
2479.T,ジェイテック,Standard
247A.T,Ａｉロボティクス,Growth
2480.T,システム・ロケーション,Standard
2481.T,タウンニュース社,Standard
2483.T,翻訳センター,Standard
2484.T,出前館,Standard
2485.T,ティア,Standard
2488.T,ＪＴＰ,Standard
2489.T,アドウェイズ,Standard
248A.T,キッズスター,Growth
2491.T,バリューコマース,Prime
2492.T,インフォマート,Prime
2493.T,イーサポートリンク,Standard
2497.T,ユナイテッド,Growth
2498.T,オリエンタルコンサルタンツホールディングス,Standard
2499.T,日本和装ホールディングス,Standard
2501.T,サッポロホールディングス,Prime
2502.T,アサヒグループホールディングス,Prime
2503.T,キリンホールディングス,Prime
250A.T,シマダヤ,Standard
2531.T,宝ホールディングス,Prime
2533.T,オエノンホールディングス,Prime
253A.T,ＥＴＳグループ,Standard
2540.T,養命酒製造,Prime
254A.T,ＡＩフュージョンキャピタルグループ,Standard
255A.T,ジーエルテクノホールディングス,Standard
256A.T,飛島ホールディングス,Prime
2573.T,北海道コカ・コーラボトリング,Standard
2579.T,コカ・コーラ　ボトラーズジャパンホールディングス,Prime
2585.T,ライフドリンク　カンパニー,Prime
2586.T,フルッタフルッタ,Growth
2587.T,サントリー食品インターナショナル,Prime
2588.T,プレミアムウォーターホールディングス,Standard
2590.T,ダイドーグループホールディングス,Prime
2593.T,伊藤園,Prime
25935.T,伊藤園第１種優先株式,Prime
2594.T,キーコーヒー,Prime
2597.T,ユニカフェ,Standard
2602.T,日清オイリオグループ,Prime
2607.T,不二製油,Prime
2612.T,かどや製油,Standard
2613.T,Ｊ－オイルミルズ,Prime
261A.T,日水コン,Standard
262A.T,インターメスティック,Prime
264A.T,Ｓｃｈｏｏ,Growth
2652.T,まんだらけ,Standard
2653.T,イオン九州,Standard
2654.T,アスモ,Standard
2656.T,ベクターホールディングス,Standard
2659.T,サンエー,Prime
265A.T,Ｈｍｃｏｍｍ,Growth
2664.T,カワチ薬品,Prime
2666.T,オートウェーブ,Standard
2667.T,イメージ　ワン,Standard
2668.T,タビオ,Standard
2669.T,カネ美食品,Standard
2670.T,エービーシー・マート,Prime
2673.T,夢みつけ隊,Standard
2674.T,ハードオフコーポレーション,Prime
2676.T,高千穂交易,Prime
2678.T,アスクル,Prime
2681.T,ゲオホールディングス,Prime
2683.T,魚喜,Standard
2685.T,アンドエスティＨＤ,Prime
2686.T,ジーフット,Standard
2687.T,シー・ヴイ・エス・ベイエリア,Standard
2689.T,オルバヘルスケアホールディングス,Standard
268A.T,リガク・ホールディングス,Prime
2692.T,伊藤忠食品,Prime
2693.T,ＹＫＴ,Standard
2694.T,焼肉坂井ホールディングス,Standard
2695.T,くら寿司,Prime
2698.T,キャンドゥ,Standard
269A.T,Ｓａｐｅｅｔ,Growth
2700.T,木徳神糧,Standard
2702.T,日本マクドナルドホールディングス,Standard
2705.T,大戸屋ホールディングス,Standard
2708.T,久世,Standard
2721.T,ジェイホールディングス,Standard
2722.T,ＩＫホールディングス,Standard
2726.T,パルグループホールディングス,Prime
2730.T,エディオン,Prime
2733.T,あらた,Prime
2734.T,サーラコーポレーション,Prime
2735.T,ワッツ,Standard
2736.T,フェスタリアホールディングス,Standard
2737.T,トーメンデバイス,Prime
2742.T,ハローズ,Prime
2747.T,北雄ラッキー,Standard
2749.T,ＪＰホールディングス,Prime
274A.T,ガーデン,Standard
2750.T,石光商事,Standard
2751.T,テンポスホールディングス,Standard
2752.T,フジオフードグループ本社,Prime
2753.T,あみやき亭,Prime
2760.T,東京エレクトロン　デバイス,Prime
2762.T,ＳＡＮＫＯ　ＭＡＲＫＥＴＩＮＧ　ＦＯＯＤＳ,Standard
2763.T,エフティグループ,Standard
2764.T,ひらまつ,Standard
2767.T,円谷フィールズホールディングス,Prime
2768.T,双日,Prime
2769.T,ヴィレッジヴァンガードコーポレーション,Standard
276A.T,ククレブ・アドバイザーズ,Growth
2776.T,新都ホールディングス,Standard
2778.T,パレモ・ホールディングス,Standard
277A.T,グロービング,Growth
2780.T,コメ兵ホールディングス,Standard
2782.T,セリア,Standard
2784.T,アルフレッサ　ホールディングス,Prime
2788.T,アップルインターナショナル,Standard
2789.T,カルラ,Standard
278A.T,Ｔｅｒｒａ　Ｄｒｏｎｅ,Growth
2790.T,ナフコ,Standard
2791.T,大黒天物産,Prime
2792.T,ハニーズホールディングス,Prime
2795.T,日本プリメックス,Standard
2796.T,ファーマライズホールディングス,Standard
2798.T,ワイズテーブルコーポレーション,Standard
2801.T,キッコーマン,Prime
2802.T,味の素,Prime
2804.T,ブルドックソース,Prime
2805.T,ヱスビー食品,Standard
2806.T,ユタカフーズ,Standard
2809.T,キユーピー,Prime
280A.T,ＴＭＨ,Growth
2810.T,ハウス食品グループ本社,Prime
2811.T,カゴメ,Prime
2813.T,和弘食品,Standard
2814.T,佐藤食品工業,Standard
2815.T,アリアケジャパン,Prime
2816.T,ダイショー,Standard
2818.T,ピエトロ,Standard
2819.T,エバラ食品工業,Standard
281A.T,インフォメティス,Growth
2820.T,やまみ,Standard
2831.T,はごろもフーズ,Standard
285A.T,キオクシアホールディングス,Prime
286A.T,ユカリア,Growth
2871.T,ニチレイ,Prime
2872.T,セイヒョー,Standard
2874.T,横浜冷凍,Prime
2875.T,東洋水産,Prime
2876.T,デルソーレ,Standard
2877.T,日東ベスト,Standard
287A.T,黒田グループ,Standard
2882.T,イートアンドホールディングス,Prime
2883.T,大冷,Standard
2884.T,ヨシムラ・フード・ホールディングス,Prime
288A.T,ラクサス・テクノロジーズ,Growth
2892.T,日本食品化工,Standard
2894.T,石井食品,Standard
2897.T,日清食品ホールディングス,Prime
2901.T,ウェルディッシュ,Standard
2903.T,シノブフーズ,Standard
2904.T,一正蒲鉾,Standard
2907.T,あじかん,Standard
2908.T,フジッコ,Prime
290A.T,Ｓｙｎｓｐｅｃｔｉｖｅ,Growth
2910.T,ロック・フィールド,Prime
2911.T,旭松食品,Standard
2914.T,日本たばこ産業,Prime
2915.T,ケンコーマヨネーズ,Prime
2916.T,仙波糖化工業,Standard
2917.T,大森屋,Standard
2918.T,わらべや日洋ホールディングス,Prime
291A.T,リスキル,Growth
2922.T,なとり,Prime
2923.T,サトウ食品,Standard
2924.T,イフジ産業,Standard
2926.T,篠崎屋,Standard
2927.T,ＡＦＣ－ＨＤアムスライフサイエンス,Standard
2929.T,ファーマフーズ,Prime
2930.T,北の達人コーポレーション,Prime
2931.T,ユーグレナ,Prime
2932.T,ＳＴＩフードホールディングス,Standard
2933.T,紀文食品,Prime
2934.T,ジェイフロンティア,Growth
2935.T,ピックルスホールディングス,Prime
2936.T,ベースフード,Growth
2937.T,サンクゼール,Growth
2938.T,オカムラ食品工業,Standard
2961.T,日本調理機,Standard
2962.T,テクニスコ,Standard
296A.T,令和アカウンティング・ホールディングス,Growth
2970.T,ＧＬＣ　ＧＲＯＵＰ,Standard
2975.T,スター・マイカ・ホールディングス,Prime
2978.T,ツクルバ,Growth
297A.T,アルピコホールディングス,Standard
2980.T,ＳＲＥホールディングス,Prime
2981.T,ランディックス,Growth
2982.T,ＡＤワークスグループ,Prime
2983.T,アールプランナー,Growth
2984.T,ヤマイチエステート,Standard
2986.T,ＬＡホールディングス,Growth
298A.T,ＧＶＡ　ＴＥＣＨ,Growth
2991.T,ランドネット,Standard
2993.T,長栄,Standard
2997.T,ストレージ王,Growth
2998.T,クリアル,Growth
2999.T,ホームポジション,Standard
299A.T,クラシル,Growth
3001.T,片倉工業,Standard
3002.T,グンゼ,Prime
3003.T,ヒューリック,Prime
3004.T,神栄,Standard
300A.T,ＭＩＣ,Standard
3010.T,ポラリス・ホールディングス,Standard
3011.T,バナーズ,Standard
3020.T,アプライド,Standard
3021.T,パシフィックネット,Standard
3023.T,ラサ商事,Standard
3024.T,クリエイト,Standard
3028.T,アルペン,Prime
302A.T,ビースタイルホールディングス,Growth
3030.T,ハブ,Standard
3031.T,ラクーンホールディングス,Prime
3034.T,クオールホールディングス,Prime
3035.T,ケイティケイ,Standard
3036.T,アルコニックス,Prime
3038.T,神戸物産,Prime
303A.T,ｖｉｓｕｍｏ,Growth
3040.T,ソリトンシステムズ,Prime
3041.T,ビューティカダンホールディングス,Standard
3042.T,セキュアヴェイル,Standard
3045.T,カワサキ,Standard
3046.T,ジンズホールディングス,Prime
3048.T,ビックカメラ,Prime
304A.T,フォルシア,Growth
3050.T,ＤＣＭホールディングス,Prime
3053.T,ペッパーフードサービス,Standard
3054.T,ハイパー,Standard
3058.T,三洋堂ホールディングス,Standard
3059.T,ヒラキ,Standard
3063.T,ジェイグループホールディングス,Growth
3064.T,ＭｏｎｏｔａＲＯ,Prime
3065.T,ライフフーズ,Standard
3067.T,東京一番フーズ,Standard
3068.T,ＷＤＩ,Standard
3069.T,ＪＦＬＡホールディングス,Standard
3070.T,ジェリービーンズグループ,Growth
3071.T,ストリーム,Standard
3075.T,銚子丸,Standard
3076.T,あい　ホールディングス,Prime
3077.T,ホリイフードサービス,Standard
3079.T,ディーブイエックス,Standard
3080.T,ジェーソン,Standard
3082.T,きちりホールディングス,Standard
3083.T,スターシーズ,Standard
3086.T,Ｊ．フロント　リテイリング,Prime
3087.T,ドトール・日レスホールディングス,Prime
3088.T,マツキヨココカラ＆カンパニー,Prime
3089.T,テクノアルファ,Standard
3091.T,ブロンコビリー,Prime
3092.T,ＺＯＺＯ,Prime
3093.T,トレジャー・ファクトリー,Prime
3096.T,オーシャンシステム,Standard
3097.T,物語コーポレーション,Prime
3099.T,三越伊勢丹ホールディングス,Prime
3101.T,東洋紡,Prime
3103.T,ユニチカ,Prime
3104.T,富士紡ホールディングス,Prime
3105.T,日清紡ホールディングス,Prime
3106.T,倉敷紡績,Prime
3107.T,ダイワボウホールディングス,Prime
3109.T,シキボウ,Prime
3110.T,日東紡績,Prime
3111.T,オーミケンシ,Standard
3113.T,ＵＮＩＶＡ・Ｏａｋホールディングス,Standard
3116.T,トヨタ紡織,Prime
3121.T,マーチャント・バンカーズ,Standard
3123.T,サイボー,Standard
3131.T,シンデン・ハイテックス,Standard
3132.T,マクニカホールディングス,Prime
3133.T,海帆,Growth
3134.T,Ｈａｍｅｅ,Standard
3135.T,マーケットエンタープライズ,Prime
3137.T,ファンデリー,Growth
3138.T,富士山マガジンサービス,Growth
3139.T,ラクト・ジャパン,Prime
3140.T,ＢＲＵＮＯ,Growth
3143.T,オーウイル,Standard
3148.T,クリエイトＳＤホールディングス,Prime
3150.T,グリムス,Prime
3151.T,バイタルケーエスケー・ホールディングス,Prime
3153.T,八洲電機,Prime
3154.T,メディアスホールディングス,Prime
3156.T,レスター,Prime
3157.T,ジオリーブグループ,Standard
3159.T,丸善ＣＨＩホールディングス,Standard
3160.T,大光,Standard
3161.T,アゼアス,Standard
3166.T,ＯＣＨＩホールディングス,Standard
3167.T,ＴＯＫＡＩホールディングス,Prime
3168.T,ＭＥＲＦ,Standard
3169.T,ミサワ,Standard
3172.T,ティーライフ,Standard
3173.T,Ｃｏｍｉｎｉｘ,Standard
3174.T,ハピネス・アンド・ディ,Standard
3175.T,エー・ピーホールディングス,Standard
3176.T,三洋貿易,Prime
3177.T,ありがとうサービス,Standard
3178.T,チムニー,Standard
3179.T,シュッピン,Prime
3180.T,ビューティガレージ,Prime
3181.T,買取王国,Standard
3182.T,オイシックス・ラ・大地,Prime
3183.T,ウイン・パートナーズ,Prime
3184.T,ＩＣＤＡホールディングス,Standard
3185.T,夢展望,Growth
3186.T,ネクステージ,Prime
3187.T,ミラタップ,Growth
3189.T,ＡＮＡＰホールディングス,Standard
3190.T,ホットマン,Standard
3191.T,ジョイフル本田,Prime
3192.T,白鳩,Standard
3193.T,エターナルホスピタリティグループ,Prime
3195.T,ジェネレーションパス,Growth
3196.T,ホットランドホールディングス,Prime
3197.T,すかいらーくホールディングス,Prime
3198.T,ＳＦＰホールディングス,Prime
3199.T,綿半ホールディングス,Prime
319A.T,技術承継機構,Growth
3201.T,日本毛織,Prime
3202.T,ダイトウボウ,Standard
3204.T,トーア紡コーポレーション,Standard
3205.T,ダイドーリミテッド,Standard
3221.T,ヨシックスホールディングス,Prime
3222.T,ユナイテッド・スーパーマーケット・ホールディングス,Standard
3223.T,エスエルディー,Standard
3224.T,ゼネラル・オイスター,Growth
3231.T,野村不動産ホールディングス,Prime
3232.T,三重交通グループホールディングス,Prime
3236.T,プロパスト,Standard
3237.T,イントランス,Growth
3238.T,セントラル総合開発,Standard
323A.T,フライヤー,Growth
3241.T,ウィル,Standard
3242.T,アーバネットコーポレーション,Standard
3245.T,ディア・ライフ,Prime
3246.T,コーセーアールイー,Standard
3248.T,アールエイジ,Standard
324A.T,ブッキングリゾート,Growth
3252.T,地主,Prime
325A.T,ＴＥＮＴＩＡＬ,Growth
3261.T,グランディーズ,Growth
3266.T,ファンドクリエーショングループ,Standard
3267.T,フィル・カンパニー,Standard
3271.T,ＴＨＥグローバル社,Standard
3276.T,ＪＰＭＣ,Prime
3277.T,サンセイランディック,Standard
3280.T,エストラスト,Standard
3284.T,フージャースホールディングス,Prime
3286.T,トラストホールディングス,Standard
3288.T,オープンハウスグループ,Prime
3289.T,東急不動産ホールディングス,Prime
3291.T,飯田グループホールディングス,Prime
3293.T,アズマハウス,Standard
3294.T,イーグランド,Standard
3297.T,東武住販,Standard
3299.T,ムゲンエステート,Standard
3300.T,アンビション　ＤＸ　ホールディングス,Growth
3302.T,帝国繊維,Prime
3306.T,日本製麻,Standard
330A.T,ＴａｌｅｎｔＸ,Growth
3315.T,日本コークス工業,Prime
3317.T,フライングガーデン,Standard
331A.T,メディックス,Standard
3320.T,クロスプラス,Standard
3321.T,ミタチ産業,Standard
3323.T,レカム,Standard
3326.T,ランシステム,Standard
3329.T,東和フードサービス,Standard
332A.T,ミーク,Growth
3333.T,あさひ,Prime
3349.T,コスモス薬品,Prime
334A.T,ビジュアル・プロセッシング・ジャパン,Growth
3350.T,メタプラネット,Standard
3352.T,バッファロー,Standard
3353.T,メディカル一光グループ,Standard
3355.T,クリヤマホールディングス,Standard
3358.T,Ｔｒａｉｌｈｅａｄ　Ｇｌｏｂａｌ　Ｈｏｌｄｉｎｇｓ,Standard
3359.T,ｃｏｔｔａ,Growth
335A.T,ミライロ,Growth
3360.T,シップヘルスケアホールディングス,Prime
3361.T,トーエル,Standard
336A.T,ダイナミックマッププラットフォーム,Growth
3370.T,フジタコーポレーション,Standard
3371.T,ソフトクリエイトホールディングス,Prime
3372.T,関門海,Standard
3374.T,内外テック,Standard
3375.T,ＺＯＡ,Standard
3377.T,バイク王＆カンパニー,Standard
3382.T,セブン＆アイ・ホールディングス,Prime
3386.T,コスモ・バイオ,Standard
3387.T,クリエイト・レストランツ・ホールディングス,Prime
3388.T,明治電機工業,Prime
338A.T,ＺｅｎｍｕＴｅｃｈ,Growth
3391.T,ツルハホールディングス,Prime
3392.T,デリカフーズホールディングス,Standard
3393.T,スターティアホールディングス,Prime
3395.T,サンマルクホールディングス,Prime
3396.T,フェリシモ,Standard
3397.T,トリドールホールディングス,Prime
3399.T,丸千代山岡家,Standard
339A.T,プログレス・テクノロジーズ　グループ,Growth
3401.T,帝人,Prime
3402.T,東レ,Prime
3405.T,クラレ,Prime
3407.T,旭化成,Prime
3409.T,北紡,Standard
340A.T,ジグザグ,Growth
3415.T,ＴＯＫＹＯ　ＢＡＳＥ,Prime
3416.T,ピクスタ,Standard
3417.T,大木ヘルスケアホールディングス,Standard
3418.T,バルニバービ,Growth
341A.T,トヨコー,Growth
3420.T,ケー・エフ・シー,Standard
3421.T,稲葉製作所,Standard
3422.T,Ｊ－ＭＡＸ,Standard
3423.T,エスイー,Standard
3426.T,アトムリビンテック,Standard
3431.T,宮地エンジニアリンググループ,Prime
3433.T,トーカロ,Prime
3434.T,アルファＣｏ,Standard
3435.T,サンコーテクノ,Standard
3436.T,ＳＵＭＣＯ,Prime
3437.T,特殊電極,Standard
3439.T,三ツ知,Standard
343A.T,ＩＡＣＥトラベル,Standard
3440.T,日創グループ,Standard
3441.T,山王,Standard
3443.T,川田テクノロジーズ,Prime
3444.T,菊池製作所,Standard
3445.T,ＲＳ　Ｔｅｃｈｎｏｌｏｇｉｅｓ,Prime
3446.T,ジェイテックコーポレーション,Standard
3447.T,信和,Standard
3449.T,テクノフレックス,Standard
3452.T,ビーロット,Standard
3454.T,ファーストブラザーズ,Standard
3457.T,Ａｎｄ　Ｄｏホールディングス,Prime
3461.T,パルマ,Standard
3465.T,ケイアイスター不動産,Prime
3467.T,アグレ都市デザイン,Standard
3469.T,デュアルタップ,Standard
3474.T,Ｇ－ＦＡＣＴＯＲＹ,Growth
3475.T,グッドコムアセット,Prime
3477.T,フォーライフ,Growth
3479.T,ティーケーピー,Growth
3480.T,ジェイ・エス・ビー,Prime
3482.T,ロードスターキャピタル,Prime
3484.T,イノベーションホールディングス,Prime
3486.T,グローバル・リンク・マネジメント,Prime
3489.T,フェイスネットワーク,Standard
3490.T,アズ企画設計,Standard
3491.T,ＧＡ　ｔｅｃｈｎｏｌｏｇｉｅｓ,Growth
3494.T,マリオン,Standard
3495.T,香陵住販,Standard
3496.T,アズーム,Prime
3498.T,霞ヶ関キャピタル,Prime
3501.T,ＳＵＭＩＮＯＥ,Prime
350A.T,デジタルグリッド,Growth
3512.T,日本フエルト,Standard
3513.T,イチカワ,Standard
3521.T,テルマー湯ホールディングス,Standard
3524.T,日東製網,Standard
3526.T,芦森工業,Standard
3529.T,アツギ,Standard
352A.T,ＬＯＩＶＥ,Growth
3536.T,アクサスホールディングス,Standard
3537.T,昭栄薬品,Standard
3538.T,ウイルプラスホールディングス,Standard
3539.T,ＪＭホールディングス,Prime
3541.T,農業総合研究所,Growth
3542.T,ベガコーポレーション,Growth
3543.T,コメダホールディングス,Prime
3544.T,サツドラホールディングス,Standard
3546.T,アレンザホールディングス,Prime
3547.T,串カツ田中ホールディングス,Standard
3548.T,バロックジャパンリミテッド,Prime
3549.T,クスリのアオキホールディングス,Prime
3550.T,スタジオアタオ,Growth
3551.T,ダイニック,Standard
3553.T,共和レザー,Standard
3556.T,リネットジャパングループ,Growth
3557.T,ユナイテッド＆コレクティブ,Growth
3558.T,ジェイドグループ,Growth
3559.T,ピーバンドットコム,Standard
3560.T,ほぼ日,Standard
3561.T,力の源ホールディングス,Prime
3562.T,Ｎｏ．１,Standard
3563.T,ＦＯＯＤ　＆　ＬＩＦＥ　ＣＯＭＰＡＮＩＥＳ,Prime
3565.T,アセンテック,Standard
3566.T,ユニフォームネクスト,Growth
3569.T,セーレン,Prime
3571.T,ソトー,Standard
3577.T,東海染工,Standard
3580.T,小松マテーレ,Prime
3583.T,オーベクス,Standard
3591.T,ワコールホールディングス,Prime
3593.T,ホギメディカル,Prime
3597.T,自重堂,Standard
3598.T,山喜,Standard
3600.T,フジックス,Standard
3607.T,クラウディアホールディングス,Standard
3608.T,ＴＳＩホールディングス,Prime
3611.T,マツオカコーポレーション,Standard
3612.T,ワールド,Prime
3622.T,ネットイヤーグループ,Growth
3623.T,ビリングシステム,Growth
3624.T,アクセルマーク,Growth
3625.T,テックファームホールディングス,Growth
3626.T,ＴＩＳ,Prime
3627.T,テクミラホールディングス,Standard
3628.T,データホライゾン,Growth
3632.T,グリーホールディングス,Prime
3633.T,ＧＭＯペパボ,Standard
3634.T,ソケッツ,Standard
3635.T,コーエーテクモホールディングス,Prime
3636.T,三菱総合研究所,Prime
3639.T,ボルテージ,Standard
3640.T,電算,Standard
3641.T,パピレス,Standard
3645.T,メディカルネット,Growth
3646.T,駅探,Growth
3647.T,ジー・スリーホールディングス,Standard
3648.T,ＡＧＳ,Standard
3649.T,ファインデックス,Prime
3652.T,ディジタルメディアプロフェッショナル,Growth
3653.T,モルフォ,Growth
3655.T,ブレインパッド,Prime
3656.T,ＫＬａｂ,Prime
3657.T,ポールトゥウィンホールディングス,Prime
3659.T,ネクソン,Prime
365A.T,伊澤タオル,Standard
3660.T,アイスタイル,Prime
3661.T,エムアップホールディングス,Prime
3662.T,エイチームホールディングス,Prime
3663.T,セルシス,Prime
3664.T,モブキャストホールディングス,Growth
3665.T,エニグモ,Prime
3667.T,ｅｎｉｓｈ,Standard
3668.T,コロプラ,Prime
366A.T,ウェルネス・コミュニケーションズ,Growth
3670.T,協立情報通信,Standard
3671.T,ソフトマックス,Standard
3672.T,オルトプラス,Standard
3673.T,ブロードリーフ,Prime
3674.T,オークファン,Growth
3675.T,クロス・マーケティンググループ,Standard
3676.T,デジタルハーツホールディングス,Prime
3678.T,メディアドゥ,Prime
3679.T,じげん,Prime
367A.T,プリモグローバルホールディングス,Standard
3680.T,ホットリンク,Growth
3681.T,ブイキューブ,Prime
3682.T,エンカレッジ・テクノロジ,Standard
3683.T,サイバーリンクス,Standard
3686.T,ディー・エル・イー,Standard
3687.T,フィックスターズ,Prime
368A.T,北里コーポレーション,Prime
3690.T,イルグルム,Standard
3691.T,デジタルプラス,Growth
3692.T,ＦＦＲＩセキュリティ,Growth
3694.T,オプティム,Prime
3695.T,ＧＭＯプロダクトプラットフォーム,Growth
3696.T,セレス,Prime
3697.T,ＳＨＩＦＴ,Prime
3698.T,ＣＲＩ・ミドルウェア,Growth
369A.T,エータイ,Growth
3708.T,特種東海製紙,Prime
3710.T,ジョルダン,Standard
3712.T,情報企画,Standard
3719.T,ＡＩストーム,Standard
3723.T,日本ファルコム,Growth
3726.T,フォーシーズＨＤ,Standard
3727.T,アプリックス,Growth
372A.T,レント,Standard
3733.T,ソフトウェア・サービス,Standard
373A.T,リップス,Growth
3741.T,セック,Prime
3744.T,サイオス,Standard
3747.T,インタートレード,Standard
3750.T,ＡＤＲ１２０Ｓ,Standard
3753.T,フライトソリューションズ,Standard
3758.T,アエリア,Standard
3760.T,ケイブ,Standard
3762.T,テクマトリックス,Prime
3763.T,プロシップ,Prime
3765.T,ガンホー・オンライン・エンターテイメント,Prime
3766.T,システムズ・デザイン,Standard
3768.T,リスクモンスター,Standard
3769.T,ＧＭＯペイメントゲートウェイ,Prime
3771.T,システムリサーチ,Prime
3772.T,ウェルス・マネジメント,Standard
3773.T,アドバンスト・メディア,Growth
3774.T,インターネットイニシアティブ,Prime
3776.T,ブロードバンドタワー,Standard
3777.T,環境フレンドリーホールディングス,Growth
3778.T,さくらインターネット,Prime
3779.T,ジェイ・エスコムホールディングス,Standard
3787.T,テクノマセマティカル,Standard
3788.T,ＧＭＯグローバルサイン・ホールディングス,Prime
378A.T,ヒット,Growth
3791.T,ＩＧポート,Standard
3793.T,ドリコム,Growth
3796.T,いい生活,Standard
3798.T,ＵＬＳグループ,Standard
3799.T,キーウェアソリューションズ,Standard
3800.T,ユニリタ,Standard
3802.T,エコミック,Standard
3803.T,イメージ情報開発,Growth
3804.T,システム　ディ,Standard
3807.T,フィスコ,Growth
3810.T,サイバーステップホールディングス,Standard
3815.T,メディア工房,Growth
3816.T,大和コンピューター,Standard
3817.T,ＳＲＡホールディングス,Prime
3823.T,ＴＨＥ　ＷＨＹ　ＨＯＷ　ＤＯ　ＣＯＭＰＡＮＹ,Standard
3825.T,リミックスポイント,Standard
3826.T,システムインテグレータ,Standard
3834.T,朝日ネット,Prime
3835.T,ｅＢＡＳＥ,Prime
3836.T,アバントグループ,Prime
3837.T,アドソル日進,Prime
3839.T,ＯＤＫソリューションズ,Standard
3840.T,パス,Standard
3841.T,ジーダット,Standard
3842.T,ネクストジェン,Standard
3843.T,フリービット,Prime
3844.T,コムチュア,Prime
3845.T,アイフリークモバイル,Standard
3848.T,データ・アプリケーション,Standard
3850.T,エヌ・ティ・ティ・データ・イントラマート,Standard
3851.T,日本一ソフトウェア,Standard
3853.T,アステリア,Prime
3854.T,アイル,Prime
3856.T,Ａｂａｌａｎｃｅ,Standard
3858.T,ユビキタスＡＩ,Standard
3861.T,王子ホールディングス,Prime
3863.T,日本製紙,Prime
3864.T,三菱製紙,Prime
3865.T,北越コーポレーション,Prime
386A.T,みのや,Standard
3877.T,中越パルプ工業,Prime
3878.T,巴川コーポレーション,Standard
387A.T,フラー,Growth
3880.T,大王製紙,Prime
3891.T,ニッポン高度紙工業,Standard
3892.T,岡山製紙,Standard
3895.T,ハビックス,Standard
3896.T,阿波製紙,Standard
3900.T,クラウドワークス,Growth
3901.T,マークラインズ,Prime
3902.T,メディカル・データ・ビジョン,Prime
3903.T,ｇｕｍｉ,Prime
3904.T,カヤック,Growth
3905.T,データセクション,Growth
3907.T,シリコンスタジオ,Standard
3908.T,コラボス,Growth
3909.T,ショーケース,Standard
3910.T,エムケイシステム,Standard
3911.T,Ａｉｍｉｎｇ,Growth
3912.T,モバイルファクトリー,Standard
3913.T,ＧｒｅｅｎＢｅｅ,Standard
3914.T,ＪＩＧ－ＳＡＷ,Growth
3915.T,テラスカイ,Prime
3916.T,デジタル・インフォメーション・テクノロジー,Prime
3917.T,アイリッジ,Growth
3918.T,ＰＣＩホールディングス,Standard
3920.T,アイビーシー,Standard
3921.T,ネオジャパン,Prime
3922.T,ＰＲ　ＴＩＭＥＳ,Prime
3923.T,ラクス,Prime
3924.T,ランドコンピュータ,Prime
3925.T,ダブルスタンダード,Prime
3926.T,オープンドア,Prime
3927.T,フーバーブレイン,Growth
3928.T,マイネット,Standard
3929.T,ソーシャルワイヤー,Growth
3930.T,はてな,Growth
3931.T,バリューゴルフ,Growth
3932.T,アカツキ,Prime
3933.T,チエル,Standard
3934.T,ベネフィットジャパン,Standard
3935.T,エディア,Standard
3936.T,グローバルウェイ,Growth
3937.T,Ｕｂｉｃｏｍホールディングス,Prime
3939.T,カナミックネットワーク,Prime
3940.T,ノムラシステムコーポレーション,Standard
3941.T,レンゴー,Prime
3943.T,大石産業,Standard
3944.T,古林紙工,Standard
3945.T,スーパーバッグ,Standard
3946.T,トーモク,Prime
3947.T,ダイナパック,Standard
3948.T,光ビジネスフォーム,Standard
3950.T,ザ・パック,Prime
3951.T,朝日印刷,Standard
3953.T,大村紙業,Standard
3954.T,昭和パックス,Standard
3955.T,イムラ,Standard
3958.T,笹徳印刷,Standard
3961.T,シルバーエッグ・テクノロジー,Growth
3962.T,チェンジホールディングス,Prime
3963.T,シンクロ・フード,Prime
3964.T,オークネット,Prime
3965.T,キャピタル・アセット・プランニング,Standard
3967.T,エルテス,Growth
3968.T,セグエグループ,Prime
3969.T,エイトレッド,Standard
3970.T,イノベーション,Growth
3974.T,ＳＣＡＴ,Standard
3976.T,シャノン,Growth
3979.T,うるる,Growth
3981.T,ビーグリー,Standard
3983.T,オロ,Prime
3984.T,ユーザーローカル,Prime
3985.T,テモナ,Standard
3986.T,ビーブレイクシステムズ,Growth
3987.T,エコモット,Growth
3988.T,ＳＹＳホールディングス,Standard
3989.T,シェアリングテクノロジー,Growth
3991.T,ウォンテッドリー,Growth
3992.T,ニーズウェル,Prime
3993.T,ＰＫＳＨＡ　Ｔｅｃｈｎｏｌｏｇｙ,Prime
3994.T,マネーフォワード,Prime
3996.T,サインポスト,Standard
3997.T,トレードワークス,Standard
3998.T,すららネット,Growth
4004.T,レゾナック・ホールディングス,Prime
4005.T,住友化学,Prime
4008.T,住友精化,Prime
4011.T,ヘッドウォータース,Growth
4012.T,アクシス,Standard
4013.T,勤次郎,Growth
4014.T,カラダノート,Growth
4015.T,ペイクラウドホールディングス,Growth
4016.T,ＭＩＴホールディングス,Standard
4017.T,クリーマ,Growth
4019.T,スタメン,Growth
4020.T,ビートレンド,Growth
4021.T,日産化学,Prime
4022.T,ラサ工業,Prime
4023.T,クレハ,Prime
4025.T,多木化学,Prime
4026.T,神島化学工業,Standard
4027.T,テイカ,Prime
4028.T,石原産業,Prime
402A.T,アクセルスペースホールディングス,Growth
4031.T,片倉コープアグリ,Standard
4040.T,南海化学,Standard
4041.T,日本曹達,Prime
4042.T,東ソー,Prime
4043.T,トクヤマ,Prime
4044.T,セントラル硝子,Prime
4045.T,東亞合成,Prime
4046.T,大阪ソーダ,Prime
4047.T,関東電化工業,Prime
4051.T,ＧＭＯフィナンシャルゲート,Prime
4052.T,フィーチャ,Growth
4053.T,Ｓｕｎ　Ａｓｔｅｒｉｓｋ,Prime
4054.T,日本情報クリエイト,Growth
4055.T,ティアンドエスグループ,Growth
4056.T,ニューラルグループ,Growth
4057.T,インターファクトリー,Growth
4058.T,トヨクモ,Growth
4059.T,まぐまぐ,Standard
4060.T,ｒａｋｕｍｏ,Growth
4061.T,デンカ,Prime
4062.T,イビデン,Prime
4063.T,信越化学工業,Prime
4064.T,日本カーバイド工業,Prime
4068.T,ベイシス,Growth
4069.T,ＢｌｕｅＭｅｍｅ,Growth
4071.T,プラスアルファ・コンサルティング,Prime
4072.T,電算システムホールディングス,Prime
4073.T,ジィ・シィ企画,Growth
4074.T,ラキール,Growth
4075.T,ブレインズテクノロジー,Growth
4076.T,シイエヌエス,Growth
4078.T,堺化学工業,Prime
407A.T,ＵＮＩＣＯＮホールディングス,Standard
4082.T,第一稀元素化学工業,Prime
4088.T,エア・ウォーター,Prime
4091.T,日本酸素ホールディングス,Prime
4092.T,日本化学工業,Prime
4093.T,東邦アセチレン,Standard
4094.T,日本化学産業,Standard
4095.T,日本パーカライジング,Prime
4097.T,高圧ガス工業,Prime
4098.T,チタン工業,Standard
4099.T,四国化成ホールディングス,Prime
409A.T,オリオンビール,Prime
4100.T,戸田工業,Standard
4102.T,丸尾カルシウム,Standard
4107.T,伊勢化学工業,Standard
4109.T,ステラ　ケミファ,Prime
410A.T,ＧＭＯコマース,Growth
4112.T,保土谷化学工業,Prime
4113.T,田岡化学工業,Standard
4114.T,日本触媒,Prime
4116.T,大日精化工業,Prime
4118.T,カネカ,Prime
4119.T,日本ピグメントホールディングス,Standard
4120.T,スガイ化学工業,Standard
4124.T,大阪油化工業,Standard
4125.T,三和油化工業,Standard
414A.T,オーバーラップホールディングス,Growth
4151.T,協和キリン,Prime
415A.T,ＧＭＯ　ＴＥＣＨホールディングス,Growth
4165.T,プレイド,Growth
4166.T,かっこ,Growth
4167.T,ココペリ,Growth
4168.T,ヤプリ,Growth
4169.T,ＥＮＥＣＨＡＮＧＥ,Growth
416A.T,富士ユナイトホールディングス,Standard
4170.T,Ｋａｉｚｅｎ　Ｐｌａｔｆｏｒｍ,Growth
4171.T,グローバルインフォメーション,Standard
4172.T,Ｈｉクラテス,Standard
4174.T,アピリッツ,Standard
4175.T,ｃｏｌｙ,Growth
4176.T,ココナラ,Growth
4177.T,ｉ‐ｐｌｕｇ,Growth
4178.T,Ｓｈａｒｉｎｇ　Ｉｎｎｏｖａｔｉｏｎｓ,Growth
4179.T,ジーネクスト,Growth
417A.T,ブルーゾーンホールディングス,Prime
4180.T,Ａｐｐｉｅｒ　Ｇｒｏｕｐ,Prime
4182.T,三菱瓦斯化学,Prime
4183.T,三井化学,Prime
4186.T,東京応化工業,Prime
4187.T,大阪有機化学工業,Prime
4188.T,三菱ケミカルグループ,Prime
4189.T,ＫＨネオケム,Prime
4192.T,スパイダープラス,Growth
4193.T,ファブリカホールディングス,Standard
4194.T,ビジョナル,Prime
4196.T,ネオマーケティング,Standard
4197.T,アスマーク,Standard
4198.T,テンダ,Standard
4199.T,ワンダープラネット,Growth
4202.T,ダイセル,Prime
4203.T,住友ベークライト,Prime
4204.T,積水化学工業,Prime
4205.T,日本ゼオン,Prime
4206.T,アイカ工業,Prime
4208.T,ＵＢＥ,Prime
4212.T,積水樹脂,Prime
4216.T,旭有機材,Prime
4218.T,ニチバン,Prime
421A.T,ムービン・ストラテジック・キャリア,Growth
4220.T,リケンテクノス,Prime
4221.T,大倉工業,Prime
4222.T,児玉化学工業,Standard
4224.T,ロンシール工業,Standard
4228.T,積水化成品工業,Prime
4229.T,群栄化学工業,Prime
4231.T,タイガースポリマー,Standard
4234.T,サンエー化研,Standard
4235.T,ウルトラファブリックス・ホールディングス,Standard
4237.T,フジプレアム,Standard
4238.T,ミライアル,Standard
423A.T,ライオン事務器,Standard
4240.T,クラスターテクノロジー,Growth
4241.T,アテクト,Standard
4242.T,タカギセイコー,Standard
4243.T,ニックス,Standard
4245.T,ダイキアクシス,Standard
4246.T,ダイキョーニシカワ,Prime
4247.T,ポバール興業,Standard
4248.T,竹本容器,Standard
4249.T,森六,Prime
4251.T,恵和,Prime
4255.T,ＴＨＥＣＯＯ,Growth
4256.T,サインド,Growth
4258.T,網屋,Growth
4259.T,エクサウィザーズ,Growth
4260.T,ハイブリッドテクノロジーズ,Growth
4261.T,アジアクエスト,Growth
4262.T,ニフティライフスタイル,Growth
4263.T,サスメド,Growth
4264.T,セキュア,Growth
4265.T,Ｉｎｓｔｉｔｕｔｉｏｎ　ｆｏｒ　ａ　Ｇｌｏｂａｌ　Ｓｏｃｉｅｔｙ,Growth
4270.T,ＢｅｅＸ,Growth
4272.T,日本化薬,Prime
4274.T,細谷火工,Standard
4275.T,カーリット,Prime
4284.T,ソルクシーズ,Standard
4286.T,ＣＬホールディングス,Standard
4287.T,ジャストプランニング,Standard
4288.T,アズジェント,Standard
428A.T,サイプレス・ホールディングス,Standard
4290.T,プレステージ・インターナショナル,Prime
4293.T,セプテーニ・ホールディングス,Standard
4299.T,ハイマックス,Standard
429A.T,テクセンドフォトマスク,Prime
4301.T,アミューズ,Prime
4307.T,野村総合研究所,Prime
4308.T,Ｊストリーム,Growth
4310.T,ドリームインキュベータ,Prime
4316.T,ビーマップ,Growth
4317.T,レイ,Standard
4318.T,クイック,Prime
431A.T,ユーソナー,Growth
4320.T,ＣＥホールディングス,Standard
4323.T,日本システム技術,Prime
4324.T,電通グループ,Prime
4326.T,インテージホールディングス,Prime
4331.T,テイクアンドギヴ・ニーズ,Prime
4333.T,東邦システムサイエンス,Prime
4334.T,ユークス,Standard
4335.T,ＩＰＳホールディングス,Standard
4337.T,ぴあ,Prime
4341.T,西菱電機,Standard
4343.T,イオンファンタジー,Prime
4344.T,ソースネクスト,Prime
4345.T,シーティーエス,Prime
4346.T,ＮＥＸＹＺ．Ｇｒｏｕｐ,Standard
4347.T,ブロードメディア,Standard
4350.T,メディカルシステムネットワーク,Standard
4351.T,山田再生系債権回収総合事務所,Standard
4356.T,応用技術,Standard
4360.T,マナック・ケミカル・パートナーズ,Standard
4361.T,川口化学工業,Standard
4362.T,日本精化,Prime
4365.T,松本油脂製薬,Standard
4366.T,ダイトーケミックス,Standard
4367.T,広栄化学,Standard
4368.T,扶桑化学工業,Prime
4369.T,トリケミカル研究所,Prime
436A.T,サイバーソリューションズ,Growth
4370.T,モビルス,Growth
4371.T,コアコンセプト・テクノロジー,Growth
4372.T,ユミルリンク,Growth
4373.T,シンプレクス・ホールディングス,Prime
4374.T,ＲＯＢＯＴ　ＰＡＹＭＥＮＴ,Growth
4375.T,セーフィー,Growth
4376.T,くふうカンパニーホールディングス,Growth
4377.T,ワンキャリア,Growth
4378.T,ＣＩＮＣ,Growth
4379.T,Ｐｈｏｔｏｓｙｎｔｈ,Growth
4380.T,Ｍマート,Growth
4381.T,ビープラッツ,Growth
4382.T,ＨＥＲＯＺ,Standard
4384.T,ラクスル,Prime
4385.T,メルカリ,Prime
4386.T,ＳＩＧグループ,Standard
4387.T,ＺＵＵ,Growth
4388.T,エーアイ,Standard
4389.T,プロパティデータバンク,Growth
438A.T,インフキュリオン,Growth
4390.T,ＩＰＳ,Prime
4391.T,ロジザード,Growth
4392.T,ＦＩＧ,Prime
4393.T,バンク・オブ・イノベーション,Growth
4394.T,エクスモーション,Growth
4395.T,アクリート,Growth
4396.T,システムサポートホールディングス,Prime
4397.T,チームスピリット,Growth
4398.T,ブロードバンドセキュリティ,Standard
4401.T,ＡＤＥＫＡ,Prime
4403.T,日油,Prime
4404.T,ミヨシ油脂,Standard
4406.T,新日本理化,Standard
4409.T,東邦化学工業,Standard
4410.T,ハリマ化成グループ,Prime
4412.T,サイエンスアーツ,Growth
4413.T,ボードルア,Prime
4414.T,フレクト,Growth
4415.T,ブロードエンタープライズ,Growth
4416.T,Ｔｒｕｅ　Ｄａｔａ,Growth
4417.T,グローバルセキュリティエキスパート,Growth
4418.T,ＪＤＳＣ,Growth
4419.T,Ｆｉｎａｔｅｘｔホールディングス,Growth
441A.T,ＮＥ,Growth
4420.T,イーソル,Standard
4421.T,ディ・アイ・システム,Standard
4422.T,ＶＡＬＵＥＮＥＸ,Growth
4424.T,Ａｍａｚｉａ,Growth
4425.T,Ｋｕｄａｎ,Growth
4427.T,ＥｄｕＬａｂ,Growth
4428.T,シノプス,Growth
4429.T,リックソフト,Growth
442A.T,クラシコ,Growth
4430.T,東海ソフト,Standard
4431.T,スマレジ,Growth
4432.T,ウイングアーク１ｓｔ,Prime
4433.T,ヒト・コミュニケーションズ・ホールディングス,Prime
4434.T,サーバーワークス,Standard
4436.T,ミンカブ・ジ・インフォノイド,Growth
4437.T,ｇｏｏｄｄａｙｓホールディングス,Growth
4438.T,Ｗｅｌｂｙ,Growth
4439.T,東名,Standard
4440.T,ヴィッツ,Standard
4441.T,トビラシステムズ,Standard
4442.T,バルテス・ホールディングス,Growth
4443.T,Ｓａｎｓａｎ,Prime
4444.T,インフォネット,Growth
4445.T,リビン・テクノロジーズ,Growth
4446.T,Ｌｉｎｋ－Ｕグループ,Prime
4447.T,ピー・ビーシステムズ,Growth
4448.T,ｋｕｂｅｌｌ,Growth
4449.T,ギフティ,Prime
4450.T,パワーソリューションズ,Growth
4452.T,花王,Prime
4461.T,第一工業製薬,Prime
4462.T,石原ケミカル,Prime
4463.T,日華化学,Standard
4464.T,ソフト９９コーポレーション,Standard
4465.T,ニイタカ,Standard
446A.T,ノースサンド,Growth
4471.T,三洋化成工業,Prime
4475.T,ＨＥＮＮＧＥ,Growth
4476.T,ＡＩ　ＣＲＯＳＳ,Growth
4477.T,ＢＡＳＥ,Growth
4478.T,フリー,Growth
4479.T,マクアケ,Growth
4480.T,メドレー,Prime
4481.T,ベース,Prime
4482.T,ウィルズ,Growth
4483.T,ＪＭＤＣ,Prime
4484.T,ランサーズ,Growth
4486.T,ユナイトアンドグロウ,Growth
4487.T,スペースマーケット,Growth
4488.T,ＡＩ　ｉｎｓｉｄｅ,Growth
4490.T,ビザスク,Growth
4491.T,コンピューターマネージメント,Standard
4492.T,ゼネテック,Standard
4493.T,サイバーセキュリティクラウド,Growth
4494.T,バリオセキュア,Standard
4495.T,アイキューブドシステムズ,Growth
4496.T,コマースＯｎｅホールディングス,Growth
4498.T,サイバートラスト,Growth
4499.T,Ｓｐｅｅｅ,Standard
4502.T,武田薬品工業,Prime
4503.T,アステラス製薬,Prime
4506.T,住友ファーマ,Prime
4507.T,塩野義製薬,Prime
4512.T,わかもと製薬,Standard
4516.T,日本新薬,Prime
4519.T,中外製薬,Prime
4521.T,科研製薬,Prime
4523.T,エーザイ,Prime
4524.T,森下仁丹,Standard
4526.T,理研ビタミン,Prime
4527.T,ロート製薬,Prime
4528.T,小野薬品工業,Prime
4530.T,久光製薬,Prime
4531.T,有機合成薬品工業,Standard
4534.T,持田製薬,Prime
4536.T,参天製薬,Prime
4538.T,扶桑薬品工業,Prime
4539.T,日本ケミファ,Standard
4540.T,ツムラ,Prime
4543.T,テルモ,Prime
4544.T,Ｈ．Ｕ．グループホールディングス,Prime
4547.T,キッセイ薬品工業,Prime
4548.T,生化学工業,Prime
4549.T,栄研化学,Prime
4552.T,ＪＣＲファーマ,Prime
4553.T,東和薬品,Prime
4554.T,富士製薬工業,Prime
4556.T,カイノス,Standard
4558.T,中京医薬品,Standard
4559.T,ゼリア新薬工業,Prime
4563.T,アンジェス,Growth
4564.T,オンコセラピー・サイエンス,Growth
4565.T,ネクセラファーマ,Prime
4568.T,第一三共,Prime
4569.T,杏林製薬,Prime
456A.T,ＨＵＭＡＮ　ＭＡＤＥ,Growth
4570.T,免疫生物研究所,Growth
4571.T,ＮＡＮＯホールディングス,Growth
4572.T,カルナバイオサイエンス,Growth
4574.T,大幸薬品,Prime
4575.T,キャンバス,Growth
4576.T,デ・ウエスタン・セラピテクス研究所,Growth
4577.T,ダイト,Prime
4578.T,大塚ホールディングス,Prime
4579.T,ラクオリア創薬,Growth
4582.T,シンバイオ製薬,Growth
4583.T,カイオム・バイオサイエンス,Growth
4584.T,キッズウェル・バイオ,Growth
4586.T,メドレックス,Growth
4587.T,ペプチドリーム,Prime
4588.T,オンコリスバイオファーマ,Growth
4591.T,リボミック,Growth
4592.T,サンバイオ,Growth
4593.T,ヘリオス,Growth
4594.T,ブライトパス・バイオ,Growth
4595.T,ミズホメディー,Standard
4596.T,窪田製薬ホールディングス,Growth
4597.T,ソレイジア・ファーマ,Growth
4598.T,Ｄｅｌｔａ－Ｆｌｙ　Ｐｈａｒｍａ,Growth
4599.T,ステムリム,Growth
460A.T,ＢＲＡＮＵ,Growth
4611.T,大日本塗料,Prime
4612.T,日本ペイントホールディングス,Prime
4613.T,関西ペイント,Prime
4615.T,神東塗料,Standard
4616.T,川上塗料,Standard
4617.T,中国塗料,Prime
4619.T,日本特殊塗料,Standard
4620.T,藤倉化成,Standard
4623.T,アサヒペン,Standard
4624.T,イサム塗料,Standard
4625.T,アトミクス,Standard
4626.T,太陽ホールディングス,Prime
4627.T,ナトコ,Standard
4628.T,エスケー化研,Standard
4629.T,大伸化学,Standard
462A.T,ＦＵＮＤＩＮＮＯ,Growth
4631.T,ＤＩＣ,Prime
4633.T,サカタインクス,Prime
4634.T,ａｒｔｉｅｎｃｅ,Prime
4635.T,東京インキ,Standard
463A.T,インテリックスホールディングス,Standard
4641.T,アルプス技研,Prime
4642.T,オリジナル設計,Standard
4644.T,イマジニア,Standard
4645.T,市進ホールディングス,Standard
464A.T,ＱＰＳホールディングス,Growth
4650.T,ＳＤエンターテイメント,Standard
4651.T,サニックスホールディングス,Standard
4657.T,環境管理センター,Standard
4658.T,日本空調サービス,Prime
4659.T,エイジス,Standard
4661.T,オリエンタルランド,Prime
4662.T,フォーカスシステムズ,Prime
4664.T,アール・エス・シー,Standard
4665.T,ダスキン,Prime
4666.T,パーク２４,Prime
4667.T,アイサンテクノロジー,Standard
4668.T,明光ネットワークジャパン,Prime
4671.T,ファルコホールディングス,Standard
4673.T,川崎地質,Standard
4674.T,クレスコ,Prime
4676.T,フジ・メディア・ホールディングス,Prime
4678.T,秀英予備校,Standard
4679.T,田谷,Standard
4680.T,ラウンドワン,Prime
4681.T,リゾートトラスト,Prime
4684.T,オービック,Prime
4685.T,菱友システムズ,Standard
4686.T,ジャストシステム,Prime
4687.T,ＴＤＣソフト,Prime
4689.T,ＬＩＮＥヤフー,Prime
4690.T,日本パレットプール,Standard
4691.T,ワシントンホテル,Standard
4694.T,ビー・エム・エル,Prime
469A.T,フィットクルー,Growth
4704.T,トレンドマイクロ,Prime
4705.T,クリップコーポレーション,Standard
4707.T,キタック,Standard
4709.T,ＩＤホールディングス,Prime
4712.T,ＫｅｙＨｏｌｄｅｒ,Standard
4714.T,リソー教育グループ,Prime
4716.T,日本オラクル,Standard
4718.T,早稲田アカデミー,Prime
4719.T,アルファシステムズ,Prime
471A.T,ＮＳグループ,Prime
4720.T,城南進学研究社,Standard
4722.T,フューチャー,Prime
4725.T,ＣＡＣ　Ｈｏｌｄｉｎｇｓ,Prime
4728.T,トーセ,Standard
472A.T,ミラティブ,Growth
4732.T,ユー・エス・エス,Prime
4733.T,オービックビジネスコンサルタント,Prime
4735.T,京進,Standard
4736.T,日本ラッド,Standard
4743.T,アイティフォー,Prime
4746.T,東計電算,Standard
4750.T,ダイサン,Standard
4751.T,サイバーエージェント,Prime
4752.T,昭和システムエンジニアリング,Standard
4754.T,トスネット,Standard
4755.T,楽天グループ,Prime
475A.T,ギミック,Standard
4760.T,アルファ,Standard
4761.T,さくらケーシーエス,Standard
4762.T,エックスネット,Standard
4763.T,クリーク・アンド・リバー社,Prime
4765.T,ＳＢＩグローバルアセットマネジメント,Prime
4766.T,ピーエイ,Standard
4767.T,テー・オー・ダブリュー,Standard
4768.T,大塚商会,Prime
4769.T,ＩＣ,Standard
476A.T,辻・本郷ＩＴコンサルティング,Standard
4771.T,エフアンドエム,Standard
4772.T,ＳＭ　ＥＮＴＥＲＴＡＩＮＭＥＮＴ　ＪＡＰＡＮ,Growth
4776.T,サイボウズ,Prime
4777.T,ガーラ,Standard
477A.T,スタートライン,Growth
4783.T,ＮＣＤ,Standard
4784.T,ＧＭＯインターネット,Prime
478A.T,フツパー,Growth
4792.T,山田コンサルティンググループ,Prime
479A.T,ＰＲＯＮＩ,Growth
4800.T,オリコン,Standard
4801.T,セントラルスポーツ,Prime
4809.T,パラカ,Prime
480A.T,リブ・コンサルティング,Growth
4811.T,ドリーム・アーツ,Growth
4812.T,電通総研,Prime
4813.T,ＡＣＣＥＳＳ,Prime
4814.T,ネクストウェア,Standard
4816.T,東映アニメーション,Standard
4819.T,デジタルガレージ,Prime
4820.T,イーエムシステムズ,Prime
4825.T,ウェザーニューズ,Prime
4826.T,ＣＩＪ,Prime
4828.T,ビジネスエンジニアリング,Prime
4829.T,日本エンタープライズ,Standard
4832.T,ＪＦＥシステムズ,Standard
4833.T,Ｄｅｆ　ｃｏｎｓｕｌｔｉｎｇ,Growth
4838.T,スペースシャワーＳＫＩＹＡＫＩホールディングス,Standard
4839.T,ＷＯＷＯＷ,Prime
483A.T,テラテクノロジー,Standard
4840.T,トライアイズ,Standard
4845.T,スカラ,Prime
4847.T,インテリジェント　ウェイブ,Prime
4848.T,フルキャストホールディングス,Prime
4849.T,エン,Prime
485A.T,パワーエックス,Growth
4880.T,セルソース,Prime
4881.T,ファンペップ,Growth
4882.T,ペルセウスプロテオミクス,Growth
4883.T,モダリス,Growth
4884.T,クリングルファーマ,Growth
4885.T,室町ケミカル,Standard
4886.T,あすか製薬ホールディングス,Prime
4887.T,サワイグループホールディングス,Prime
4888.T,ステラファーマ,Growth
4889.T,レナサイエンス,Growth
4890.T,坪田ラボ,Growth
4891.T,ティムス,Growth
4892.T,サイフューズ,Growth
4893.T,ノイルイミューン・バイオテック,Growth
4894.T,クオリプス,Growth
4896.T,ケイファーマ,Growth
4901.T,富士フイルムホールディングス,Prime
4902.T,コニカミノルタ,Prime
4911.T,資生堂,Prime
4912.T,ライオン,Prime
4914.T,高砂香料工業,Prime
4917.T,マンダム,Prime
4918.T,アイビー化粧品,Standard
4919.T,ミルボン,Prime
4920.T,日本色材工業研究所,Standard
4922.T,コーセーホールディングス,Prime
4923.T,コタ,Prime
4925.T,ハーバー研究所,Standard
4926.T,シーボン,Standard
4927.T,ポーラ・オルビスホールディングス,Prime
4928.T,ノエビアホールディングス,Prime
4929.T,アジュバンホールディングス,Standard
4931.T,新日本製薬,Prime
4932.T,アルマード,Standard
4933.T,Ｉ－ｎｅ,Prime
4934.T,プレミアアンチエイジング,Growth
4935.T,リベルタ,Standard
4936.T,アクシージア,Standard
4937.T,Ｗａｑｏｏ,Growth
4951.T,エステー,Prime
4956.T,コニシ,Prime
4957.T,ヤスハラケミカル,Standard
4958.T,長谷川香料,Prime
4960.T,ケミプロ化成,Standard
4966.T,上村工業,Standard
4967.T,小林製薬,Prime
4968.T,荒川化学工業,Prime
4970.T,東洋合成工業,Standard
4971.T,メック,Prime
4972.T,綜研化学,Standard
4973.T,日本高純度化学,Prime
4974.T,タカラバイオ,Prime
4975.T,ＪＣＵ,Prime
4976.T,東洋ドライルーブ,Standard
4977.T,新田ゼラチン,Standard
4978.T,リプロセル,Growth
4979.T,ＯＡＴアグリオ,Standard
4980.T,デクセリアルズ,Prime
4985.T,アース製薬,Prime
4990.T,昭和化学工業,Standard
4992.T,北興化学工業,Standard
4994.T,大成ラミックグループ,Standard
4996.T,クミアイ化学工業,Prime
4997.T,日本農薬,Prime
4998.T,フマキラー,Standard
5010.T,日本精蝋,Standard
5011.T,ニチレキグループ,Prime
5013.T,ユシロ,Standard
5015.T,ビーピー・カストロール,Standard
5016.T,ＪＸ金属,Prime
5018.T,ＭＯＲＥＳＣＯ,Standard
5019.T,出光興産,Prime
5020.T,ＥＮＥＯＳホールディングス,Prime
5021.T,コスモエネルギーホールディングス,Prime
5025.T,マーキュリー,Growth
5026.T,トリプルアイズ,Growth
5027.T,ＡｎｙＭｉｎｄ　Ｇｒｏｕｐ,Growth
5028.T,セカンドサイトアナリティカ,Growth
5029.T,サークレイス,Growth
5031.T,モイ,Growth
5032.T,ＡＮＹＣＯＬＯＲ,Prime
5033.T,ヌーラボ,Growth
5034.T,ｕｎｅｒｒｙ,Growth
5035.T,ＨＯＵＳＥＩ,Growth
5036.T,日本ビジネスシステムズ,Prime
5038.T,ｅＷｅＬＬ,Growth
5071.T,ヴィス,Standard
5074.T,テスホールディングス,Prime
5076.T,インフロニア・ホールディングス,Prime
50765.T,インフロニア・ホールディングス第１回社債型種類株式,Prime
5078.T,セレコーポレーション,Standard
5079.T,ノバック,Standard
5101.T,横浜ゴム,Prime
5103.T,昭和ホールディングス,Standard
5105.T,ＴＯＹＯ　ＴＩＲＥ,Prime
5108.T,ブリヂストン,Prime
5110.T,住友ゴム工業,Prime
5121.T,藤倉コンポジット,Prime
5122.T,オカモト,Prime
5125.T,ファインズ,Growth
5126.T,ポーターズ,Growth
5129.T,ＦＩＸＥＲ,Growth
5131.T,リンカーズ,Growth
5132.T,ｐｌｕｓｚｅｒｏ,Growth
5133.T,テリロジーホールディングス,Standard
5134.T,ＰＯＰＥＲ,Growth
5136.T,ｔｒｉｐｌａ,Growth
5137.T,スマートドライブ,Growth
5138.T,Ｒｅｂａｓｅ,Growth
5139.T,オープンワーク,Growth
5142.T,アキレス,Prime
5161.T,西川ゴム工業,Standard
5162.T,朝日ラバー,Standard
5184.T,ニチリン,Standard
5185.T,フコク,Prime
5186.T,ニッタ,Prime
5187.T,クリエートメディック,Standard
5189.T,櫻護謨,Standard
5192.T,三ツ星ベルト,Prime
5194.T,相模ゴム工業,Standard
5195.T,バンドー化学,Prime
5199.T,不二ラテックス,Standard
5201.T,ＡＧＣ,Prime
5202.T,日本板硝子,Prime
5204.T,石塚硝子,Standard
5208.T,有沢製作所,Prime
5210.T,日本山村硝子,Standard
5214.T,日本電気硝子,Prime
5216.T,倉元製作所,Standard
5218.T,オハラ,Standard
5232.T,住友大阪セメント,Prime
5233.T,太平洋セメント,Prime
5237.T,ノザワ,Standard
5240.T,ｍｏｎｏＡＩ　ｔｅｃｈｎｏｌｏｇｙ,Growth
5242.T,アイズ,Growth
5243.T,ｎｏｔｅ,Growth
5244.T,ｊｉｇ．ｊｐ,Growth
5246.T,ＥＬＥＭＥＮＴＳ,Growth
5247.T,ＢＴＭ,Growth
5248.T,テクノロジーズ,Growth
5250.T,プライム・ストラテジー,Standard
5252.T,日本ナレッジ,Growth
5253.T,カバー,Growth
5254.T,Ａｒｅｎｔ,Growth
5255.T,モンスターラボ,Growth
5256.T,Ｆｕｓｉｃ,Growth
5257.T,ノバシステム,Standard
5258.T,トランザクション・メディア・ネットワークス,Growth
5259.T,ＢＢＤイニシアティブ,Growth
5261.T,リソルホールディングス,Prime
5262.T,日本ヒューム,Prime
5268.T,旭コンクリート工業,Standard
5269.T,日本コンクリート工業,Prime
5271.T,トーヨーアサノ,Standard
5273.T,三谷セキサン,Standard
5279.T,日本興業,Standard
5280.T,ヨシコン,Standard
5282.T,ジオスター,Standard
5283.T,高見澤,Standard
5284.T,ヤマウホールディングス,Standard
5285.T,ヤマックス,Standard
5287.T,イトーヨーギョー,Standard
5288.T,アジアパイルホールディングス,Prime
5290.T,ベルテクスコーポレーション,Standard
5301.T,東海カーボン,Prime
5302.T,日本カーボン,Prime
5304.T,ＳＥＣカーボン,Standard
5310.T,東洋炭素,Prime
5331.T,ノリタケ,Prime
5332.T,ＴＯＴＯ,Prime
5333.T,日本碍子,Prime
5334.T,日本特殊陶業,Prime
5337.T,ダントーホールディングス,Standard
5341.T,ＡＳＡＨＩ　ＥＩＴＯホールディングス,Standard
5344.T,ＭＡＲＵＷＡ,Prime
5351.T,品川リフラ,Prime
5352.T,黒崎播磨,Prime
5355.T,日本坩堝,Standard
5356.T,美濃窯業,Standard
5357.T,ヨータイ,Prime
5363.T,東京窯業,Standard
5367.T,ニッカトー,Standard
5368.T,日本インシュレーション,Standard
5380.T,新東,Standard
5381.T,マイポックス,Standard
5384.T,フジミインコーポレーテッド,Prime
5386.T,鶴弥,Standard
5388.T,クニミネ工業,Standard
5391.T,エーアンドエーマテリアル,Standard
5393.T,ニチアス,Prime
5401.T,日本製鉄,Prime
5406.T,神戸製鋼所,Prime
5408.T,中山製鋼所,Prime
5410.T,合同製鐵,Prime
5411.T,ＪＦＥホールディングス,Prime
5423.T,東京製鐵,Prime
5440.T,共英製鋼,Prime
5444.T,大和工業,Prime
5445.T,東京鐵鋼,Prime
5446.T,北越メタル,Standard
5449.T,大阪製鐵,Standard
5451.T,ヨドコウ,Prime
5458.T,高砂鐵工,Standard
5461.T,中部鋼鈑,Prime
5463.T,丸一鋼管,Prime
5464.T,モリ工業,Standard
5471.T,大同特殊鋼,Prime
5480.T,日本冶金工業,Prime
5482.T,愛知製鋼,Prime
5484.T,東北特殊鋼,Standard
5491.T,日本金属,Standard
5527.T,ｐｒｏｐｅｒｔｙ　ｔｅｃｈｎｏｌｏｇｉｅｓ,Growth
5532.T,リアルゲイト,Growth
5533.T,エリッツホールディングス,Standard
5535.T,ミガロホールディングス,Prime
5537.T,ＡｌｂａＬｉｎｋ,Growth
5541.T,大平洋金属,Prime
5542.T,新報国マテリアル,Standard
5563.T,新日本電工,Prime
5570.T,ジェノバ,Growth
5571.T,エキサイトホールディングス,Standard
5572.T,Ｒｉｄｇｅ－ｉ,Growth
5574.T,ＡＢＥＪＡ,Growth
5575.T,Ｇｌｏｂｅｅ,Growth
5576.T,オービーシステム,Standard
5578.T,ＡＲアドバンストテクノロジ,Growth
5580.T,プロディライト,Growth
5582.T,グリッド,Growth
5586.T,Ｌａｂｏｒｏ．ＡＩ,Growth
5587.T,インバウンドプラットフォーム,Growth
5588.T,ファーストアカウンティング,Growth
5589.T,オートサーバー,Standard
5590.T,ネットスターズ,Growth
5591.T,ＡＶＩＬＥＮ,Growth
5592.T,くすりの窓口,Growth
5596.T,アウトルックコンサルティング,Growth
5597.T,ブルーイノベーション,Growth
5599.T,Ｓ＆Ｊ,Growth
5602.T,栗本鐵工所,Prime
5603.T,虹技,Standard
5609.T,日本鋳造,Standard
5612.T,日本鋳鉄管,Standard
5616.T,雨風太陽,Growth
5618.T,ナイル,Growth
5619.T,マーソ,Growth
5621.T,ヒューマンテクノロジーズ,Growth
5631.T,日本製鋼所,Prime
5632.T,三菱製鋼,Prime
5644.T,メタルアート,Standard
5658.T,日亜鋼業,Standard
5659.T,日本精線,Prime
5660.T,神鋼鋼線工業,Standard
5695.T,パウダーテック,Standard
5697.T,サンユウ,Standard
5698.T,エンビプロ・ホールディングス,Standard
5699.T,イボキン,Standard
5702.T,大紀アルミニウム工業所,Prime
5703.T,日本軽金属ホールディングス,Prime
5704.T,ＪＭＣ,Growth
5706.T,三井金属,Prime
5707.T,東邦亜鉛,Prime
5711.T,三菱マテリアル,Prime
5713.T,住友金属鉱山,Prime
5714.T,ＤＯＷＡホールディングス,Prime
5715.T,古河機械金属,Prime
5721.T,エス・サイエンス,Standard
5724.T,アサカ理研,Standard
5726.T,大阪チタニウムテクノロジーズ,Prime
5727.T,東邦チタニウム,Prime
5729.T,日本精鉱,Standard
5741.T,ＵＡＣＪ,Prime
5742.T,エヌアイシ・オートテック,Standard
5753.T,日本伸銅,Standard
5757.T,ＣＫサンエツ,Prime
5801.T,古河電気工業,Prime
5802.T,住友電気工業,Prime
5803.T,フジクラ,Prime
5805.T,ＳＷＣＣ,Prime
5816.T,オーナンバ,Standard
5817.T,ＪＭＡＣＳ,Standard
5819.T,カナレ電気,Standard
5820.T,三ッ星,Standard
5821.T,平河ヒューテック,Prime
5830.T,いよぎんホールディングス,Prime
5831.T,しずおかフィナンシャルグループ,Prime
5832.T,ちゅうぎんフィナンシャルグループ,Prime
5834.T,ＳＢＩリーシングサービス,Growth
5838.T,楽天銀行,Prime
5842.T,インテグラル,Growth
5843.T,ニッポンインシュア,Standard
5844.T,京都フィナンシャルグループ,Prime
5845.T,全保連,Standard
5851.T,リョービ,Prime
5852.T,アーレスティ,Prime
5856.T,エルアイイーエイチ,Standard
5857.T,ＡＲＥホールディングス,Prime
5858.T,ＳＴＧ,Growth
5867.T,エスネットワークス,Growth
5868.T,ロココ,Standard
5869.T,早稲田学習研究会,Standard
5870.T,ナルネットコミュニケーションズ,Growth
5871.T,ＳＯＬＩＺＥ　Ｈｏｌｄｉｎｇｓ,Standard
5884.T,クラダシ,Growth
5885.T,ジーデップ・アドバンス,Standard
5888.T,ＤＡＩＷＡ　ＣＹＣＬＥ,Growth
5889.T,Ｊａｐａｎ　Ｅｙｅｗｅａｒ　Ｈｏｌｄｉｎｇｓ,Prime
5891.T,魁力屋,Standard
5892.T,ｙｕｔｏｒｉ,Growth
5900.T,ダイケン,Standard
5901.T,東洋製罐グループホールディングス,Prime
5902.T,ホッカンホールディングス,Prime
5903.T,シンポ,Standard
5905.T,日本製罐,Standard
5906.T,エムケー精工,Standard
5909.T,コロナ,Standard
5911.T,横河ブリッジホールディングス,Prime
5915.T,駒井ハルテック,Standard
5918.T,瀧上工業,Standard
5921.T,川岸工業,Standard
5922.T,那須電機鉄工,Standard
5923.T,高田機工,Standard
5928.T,アルメタックス,Standard
5929.T,三和ホールディングス,Prime
5930.T,文化シヤッター,Prime
5932.T,三協立山,Prime
5933.T,アルインコ,Prime
5936.T,東洋シヤッター,Standard
5938.T,ＬＩＸＩＬ,Prime
5939.T,大谷工業,Standard
5940.T,不二サッシ,Standard
5941.T,中西製作所,Standard
5942.T,日本フイルコン,Standard
5943.T,ノーリツ,Prime
5945.T,天龍製鋸,Standard
5946.T,長府製作所,Prime
5947.T,リンナイ,Prime
5949.T,ユニプレス,Prime
5950.T,日本パワーファスニング,Standard
5951.T,ダイニチ工業,Standard
5952.T,アマテイ,Standard
5955.T,ワイズホールディングス,Standard
5956.T,トーソー,Standard
5957.T,日東精工,Prime
5958.T,三洋工業,Standard
5959.T,岡部,Prime
5962.T,浅香工業,Standard
5965.T,フジマック,Standard
5966.T,京都機械工具,Standard
5967.T,ＴＯＮＥ,Standard
5969.T,ロブテックス,Standard
5970.T,ジーテクト,Prime
5971.T,共和工業所,Standard
5973.T,トーアミ,Standard
5974.T,中国工業,Standard
5975.T,東プレ,Prime
5976.T,高周波熱錬,Prime
5981.T,東京製綱,Prime
5982.T,マルゼン,Standard
5983.T,イワブチ,Standard
5984.T,兼房,Standard
5985.T,サンコール,Standard
5986.T,モリテック　スチール,Standard
5987.T,オーネックス,Standard
5988.T,パイオラックス,Prime
5989.T,エイチワン,Prime
5990.T,スーパーツール,Standard
5991.T,日本発條,Prime
5992.T,中央発條,Standard
5994.T,ファインシンター,Standard
5997.T,協立エアテック,Standard
5998.T,アドバネクス,Standard
6005.T,三浦工業,Prime
6013.T,タクマ,Prime
6016.T,ジャパンエンジンコーポレーション,Standard
6018.T,阪神内燃機工業,Standard
6022.T,赤阪鐵工所,Standard
6023.T,ダイハツインフィニアース,Standard
6027.T,弁護士ドットコム,Prime
6029.T,アトラグループ,Standard
6030.T,アドベンチャー,Growth
6031.T,ＺＥＴＡ,Growth
6033.T,エクストリーム,Growth
6034.T,ＭＲＴ,Growth
6035.T,アイ・アールジャパンホールディングス,Prime
6036.T,ＫｅｅＰｅｒ技研,Prime
6037.T,楽待,Standard
6038.T,イード,Growth
6039.T,日本動物高度医療センター,Growth
6040.T,日本スキー場開発,Growth
6042.T,ニッキ,Standard
6044.T,三機サービス,Standard
6045.T,レントラックス,Growth
6046.T,リンクバル,Growth
6047.T,Ｇｕｎｏｓｙ,Prime
6049.T,イトクロ,Growth
6050.T,イー・ガーディアン,Prime
6054.T,リブセンス,Standard
6055.T,ジャパンマテリアル,Prime
6058.T,ベクトル,Prime
6059.T,ウチヤマホールディングス,Standard
6061.T,ユニバーサル園芸社,Standard
6062.T,チャーム・ケア・コーポレーション,Prime
6063.T,日本エマージェンシーアシスタンス,Standard
6069.T,トレンダーズ,Growth
6070.T,キャリアリンク,Prime
6071.T,ＩＢＪ,Prime
6072.T,地盤ネットホールディングス,Standard
6073.T,アサンテ,Prime
6074.T,ジェイエスエス,Standard
6078.T,バリューＨＲ,Prime
6080.T,Ｍ＆Ａキャピタルパートナーズ,Prime
6081.T,アライドアーキテクツ,Growth
6082.T,ライドオンエクスプレスホールディングス,Standard
6083.T,ＥＲＩホールディングス,Standard
6085.T,アーキテクツ・スタジオ・ジャパン,Growth
6086.T,シンメンテホールディングス,Growth
6087.T,アビスト,Standard
6088.T,シグマクシス・ホールディングス,Prime
6089.T,ウィルグループ,Prime
6090.T,ヒューマン・メタボローム・テクノロジーズ,Standard
6091.T,ウエスコホールディングス,Standard
6092.T,エンバイオ・ホールディングス,Standard
6093.T,エスクロー・エージェント・ジャパン,Standard
6094.T,フリークアウト・ホールディングス,Growth
6096.T,レアジョブ,Standard
6098.T,リクルートホールディングス,Prime
6099.T,エラン,Prime
6101.T,ツガミ,Prime
6103.T,オークマ,Prime
6104.T,芝浦機械,Prime
6113.T,アマダ,Prime
6118.T,アイダエンジニアリング,Prime
6125.T,岡本工作機械製作所,Standard
6134.T,ＦＵＪＩ,Prime
6135.T,牧野フライス製作所,Prime
6136.T,オーエスジー,Prime
6137.T,小池酸素工業,Standard
6138.T,ダイジェット工業,Standard
6140.T,旭ダイヤモンド工業,Prime
6141.T,ＤＭＧ森精機,Prime
6143.T,ソディック,Prime
6144.T,西部電機,Standard
6145.T,ＮＩＴＴＯＫＵ,Standard
6146.T,ディスコ,Prime
6147.T,ヤマザキ,Standard
6149.T,小田原エンジニアリング,Standard
6150.T,タケダ機械,Standard
6151.T,日東工器,Prime
6155.T,高松機械工業,Standard
6156.T,エーワン精密,Standard
6157.T,日進工具,Standard
6158.T,和井田製作所,Standard
6159.T,ミクロン精密,Standard
6161.T,エスティック,Standard
6165.T,パンチ工業,Standard
6166.T,中村超硬,Growth
6167.T,冨士ダイス,Prime
6171.T,土木管理総合試験所,Standard
6173.T,アクアライン,Growth
6176.T,ブランジスタ,Standard
6177.T,ＡｐｐＢａｎｋ,Growth
6178.T,日本郵政,Prime
6180.T,ＧＭＯメディア,Growth
6181.T,タメニー,Growth
6182.T,メタリアル,Growth
6183.T,ベルシステム２４ホールディングス,Prime
6184.T,鎌倉新書,Prime
6185.T,ＳＭＮ,Standard
6186.T,一蔵,Standard
6189.T,グローバルキッズＣＯＭＰＡＮＹ,Standard
6190.T,フェニックスバイオ,Growth
6191.T,エアトリ,Prime
6193.T,バーチャレクス・ホールディングス,Growth
6194.T,アトラエ,Prime
6195.T,ホープ,Growth
6196.T,ストライク,Prime
6197.T,ソラスト,Prime
6198.T,キャリア,Growth
6199.T,セラク,Standard
6200.T,インソース,Prime
6201.T,豊田自動織機,Prime
6203.T,豊和工業,Standard
6208.T,石川製作所,Standard
6209.T,リケンＮＰＲ,Prime
6210.T,ＴＯＹＯイノベックス,Standard
6217.T,津田駒工業,Standard
6218.T,エンシュウ,Standard
6222.T,島精機製作所,Prime
6223.T,西部技研,Standard
6224.T,ＪＲＣ,Growth
6226.T,守谷輸送機工業,Standard
6227.T,ＡＩメカテック,Standard
6228.T,ジェイ・イー・ティ,Standard
6229.T,オーケーエム,Standard
6230.T,ＳＡＮＥＩ,Standard
6231.T,木村工機,Standard
6232.T,ＡＣＳＬ,Growth
6233.T,ＫＬＡＳＳ,Standard
6235.T,オプトラン,Prime
6237.T,イワキポンプ,Prime
6238.T,フリュー,Prime
6239.T,ナガオカ,Standard
6240.T,ヤマシンフィルタ,Prime
6245.T,ヒラノテクシード,Standard
6246.T,テクノスマート,Standard
6247.T,日阪製作所,Prime
6248.T,横田製作所,Standard
6249.T,ゲームカードホールディングス,Standard
6250.T,やまびこ,Prime
6254.T,野村マイクロ・サイエンス,Prime
6255.T,エヌ・ピー・シー,Growth
6257.T,藤商事,Standard
6258.T,平田機工,Prime
6262.T,ＰＥＧＡＳＵＳ,Standard
6264.T,マルマエ,Prime
6265.T,コンバム,Standard
6266.T,タツモ,Prime
6267.T,ゼネラルパッカー,Standard
6268.T,ナブテスコ,Prime
6269.T,三井海洋開発,Prime
6272.T,レオン自動機,Prime
6273.T,ＳＭＣ,Prime
6276.T,シリウスビジョン,Standard
6277.T,ホソカワミクロン,Prime
6278.T,ユニオンツール,Prime
6279.T,瑞光,Prime
6282.T,オイレス工業,Prime
6284.T,日精エー・エス・ビー機械,Prime
6286.T,靜甲,Standard
6287.T,サトー,Prime
6289.T,技研製作所,Prime
6291.T,日本エアーテック,Standard
6292.T,カワタ,Standard
6293.T,日精樹脂工業,Prime
6294.T,オカダアイヨン,Prime
6298.T,ワイエイシイホールディングス,Prime
6301.T,小松製作所,Prime
6302.T,住友重機械工業,Prime
6305.T,日立建機,Prime
6306.T,日工,Prime
6307.T,サンセイ,Standard
6309.T,巴工業,Prime
6310.T,井関農機,Prime
6315.T,ＴＯＷＡ,Prime
6316.T,丸山製作所,Standard
6317.T,北川鉄工所,Standard
6322.T,タクミナ,Standard
6323.T,ローツェ,Prime
6324.T,ハーモニック・ドライブ・システムズ,Standard
6325.T,タカキタ,Standard
6326.T,クボタ,Prime
6327.T,北川精機,Standard
6328.T,荏原実業,Prime
6330.T,東洋エンジニアリング,Prime
6331.T,三菱化工機,Prime
6332.T,月島ホールディングス,Prime
6333.T,帝国電機製作所,Prime
6334.T,明治機械,Standard
6335.T,東京機械製作所,Standard
6336.T,石井表記,Standard
6337.T,テセック,Standard
6338.T,タカトリ,Standard
6339.T,新東工業,Prime
6340.T,澁谷工業,Prime
6342.T,太平製作所,Standard
6343.T,フリージア・マクロス,Standard
6345.T,アイチ　コーポレーション,Prime
6346.T,キクカワエンタープライズ,Standard
6347.T,プラコー,Standard
6349.T,小森コーポレーション,Prime
6351.T,鶴見製作所,Prime
6356.T,日本ギア工業,Standard
6357.T,三精テクノロジーズ,Standard
6358.T,酒井重工業,Prime
6360.T,東京自働機械製作所,Standard
6361.T,荏原製作所,Prime
6363.T,酉島製作所,Prime
6364.T,ＡＩＲＭＡＮ,Prime
6365.T,電業社機械製作所,Standard
6366.T,千代田化工建設,Standard
6367.T,ダイキン工業,Prime
6368.T,オルガノ,Prime
6369.T,トーヨーカネツ,Prime
6370.T,栗田工業,Prime
6371.T,椿本チエイン,Prime
6376.T,日機装,Prime
6378.T,木村化工機,Standard
6379.T,レイズネクスト,Prime
6380.T,オリエンタルチエン工業,Standard
6381.T,アネスト岩田,Prime
6382.T,トリニティ工業,Standard
6383.T,ダイフク,Prime
6384.T,昭和真空,Standard
6387.T,サムコ,Prime
6390.T,加藤製作所,Prime
6391.T,加地テック,Standard
6392.T,ヤマダコーポレーション,Standard
6393.T,油研工業,Standard
6395.T,タダノ,Prime
6396.T,宇野澤組鐵工所,Standard
6400.T,不二精機,Standard
6402.T,兼松エンジニアリング,Standard
6403.T,水道機工,Standard
6405.T,鈴茂器工,Standard
6406.T,フジテック,Prime
6407.T,ＣＫＤ,Prime
6408.T,小倉クラッチ,Standard
6412.T,平和,Prime
6413.T,理想科学工業,Prime
6417.T,ＳＡＮＫＹＯ,Prime
6418.T,日本金銭機械,Prime
6419.T,マースグループホールディングス,Prime
6420.T,ガリレイ,Prime
6424.T,高見沢サイバネティックス,Standard
6425.T,ユニバーサルエンターテインメント,Standard
6428.T,オーイズミ,Standard
6430.T,ダイコク電機,Prime
6432.T,竹内製作所,Prime
6433.T,ヒーハイスト,Standard
6436.T,アマノ,Prime
6440.T,ＪＵＫＩ,Prime
6444.T,サンデン,Standard
6445.T,ジャノメ,Prime
6448.T,ブラザー工業,Prime
6454.T,マックス,Prime
6455.T,モリタホールディングス,Prime
6457.T,グローリー,Prime
6458.T,新晃工業,Prime
6459.T,大和冷機工業,Prime
6460.T,セガサミーホールディングス,Prime
6463.T,ＴＰＲ,Prime
6464.T,ツバキ・ナカシマ,Prime
6465.T,ホシザキ,Prime
6466.T,ＴＶＥ,Standard
6467.T,ニチダイ,Standard
6469.T,放電精密加工研究所,Standard
6470.T,大豊工業,Standard
6471.T,日本精工,Prime
6472.T,ＮＴＮ,Prime
6473.T,ジェイテクト,Prime
6474.T,不二越,Prime
6479.T,ミネベアミツミ,Prime
6480.T,日本トムソン,Prime
6481.T,ＴＨＫ,Prime
6482.T,ＹＵＳＨＩＮ,Standard
6484.T,ＫＶＫ,Standard
6485.T,前澤給装工業,Standard
6486.T,イーグル工業,Prime
6488.T,ヨシタケ,Standard
6489.T,前澤工業,Standard
6490.T,ＰＩＬＬＡＲ,Prime
6492.T,岡野バルブ製造,Standard
6493.T,ＮＩＴＴＡＮ,Standard
6494.T,ＮＦＫホールディングス,Standard
6495.T,宮入バルブ製作所,Standard
6496.T,中北製作所,Standard
6497.T,ハマイ,Standard
6498.T,キッツ,Prime
6501.T,日立製作所,Prime
6503.T,三菱電機,Prime
6504.T,富士電機,Prime
6505.T,東洋電機製造,Standard
6506.T,安川電機,Prime
6507.T,シンフォニアテクノロジー,Prime
6508.T,明電舎,Prime
6513.T,オリジン,Standard
6516.T,山洋電気,Prime
6517.T,デンヨー,Prime
6518.T,三相電機,Standard
6521.T,オキサイド,Growth
6522.T,アスタリスク,Growth
6523.T,ＰＨＣホールディングス,Prime
6524.T,湖北工業,Standard
6525.T,ＫＯＫＵＳＡＩ　ＥＬＥＣＴＲＩＣ,Prime
6526.T,ソシオネクスト,Prime
6532.T,ベイカレント,Prime
6533.T,Ｏｒｃｈｅｓｔｒａ　Ｈｏｌｄｉｎｇｓ,Prime
6535.T,アイモバイル,Prime
6537.T,ＷＡＳＨハウス,Growth
6538.T,ディスラプターズ,Standard
6539.T,ＭＳ－Ｊａｐａｎ,Prime
6540.T,船場,Standard
6543.T,日宣,Standard
6544.T,ジャパンエレベーターサービスホールディングス,Prime
6545.T,インターネットインフィニティー,Growth
6546.T,フルテック,Standard
6547.T,グリーンズ,Standard
6548.T,旅工房,Growth
6549.T,ディーエムソリューションズ,Standard
6551.T,ツナググループ・ホールディングス,Standard
6552.T,ＧａｍｅＷｉｔｈ,Standard
6554.T,エスユーエス,Growth
6555.T,ＭＳ＆Ｃｏｎｓｕｌｔｉｎｇ,Standard
6557.T,ＡＩＡＩグループ,Growth
6558.T,クックビズ,Growth
6560.T,エル・ティー・エス,Prime
6561.T,ＨＡＮＡＴＯＵＲ　ＪＡＰＡＮ,Growth
6562.T,ジーニー,Growth
6563.T,みらいワークス,Growth
6564.T,ミダックホールディングス,Prime
6565.T,ＡＢホテル,Standard
6566.T,要興業,Standard
6568.T,神戸天然物化学,Growth
6570.T,共和コーポレーション,Standard
6571.T,キュービーネットホールディングス,Prime
6572.T,オープングループ,Prime
6573.T,ＣＲＡＶＩＡ,Growth
6574.T,コンヴァノ,Growth
6577.T,ベストワンドットコム,Growth
6578.T,コレックホールディングス,Standard
6579.T,ログリー,Growth
6580.T,ライトアップ,Growth
6584.T,三櫻工業,Prime
6586.T,マキタ,Prime
6588.T,東芝テック,Prime
6590.T,芝浦メカトロニクス,Prime
6592.T,マブチモーター,Prime
6594.T,ニデック,Prime
6597.T,ＨＰＣシステムズ,Growth
6599.T,エブレン,Standard
6612.T,バルミューダ,Growth
6613.T,ＱＤレーザ,Growth
6614.T,シキノハイテック,Standard
6615.T,ユー・エム・シー・エレクトロニクス,Prime
6616.T,トレックス・セミコンダクター,Prime
6617.T,東光高岳,Prime
6619.T,ダブル・スコープ,Prime
6620.T,宮越ホールディングス,Prime
6622.T,ダイヘン,Prime
6625.T,ＪＡＬＣＯホールディングス,Standard
6626.T,ＳＥＭＩＴＥＣ,Standard
6627.T,テラプローブ,Standard
6629.T,テクノホライゾン,Standard
6630.T,ヤーマン,Prime
6632.T,ＪＶＣケンウッド,Prime
6633.T,ＣＧＳホールディングス,Standard
6634.T,ネクスグループ,Standard
6635.T,大日光・エンジニアリング,Standard
6637.T,寺崎電気産業,Standard
6638.T,ミマキエンジニアリング,Prime
6643.T,戸上電機製作所,Standard
6644.T,大崎電気工業,Prime
6645.T,オムロン,Prime
6647.T,森尾電機,Standard
6648.T,かわでん,Standard
6651.T,日東工業,Prime
6652.T,ＩＤＥＣ,Prime
6653.T,正興電機製作所,Prime
6654.T,不二電機工業,Standard
6656.T,インスペック,Standard
6658.T,シライ電子工業,Standard
6659.T,メディアリンクス,Standard
6662.T,ユビテック,Standard
6663.T,太洋テクノレックス,Standard
6664.T,オプトエレクトロニクス,Standard
6666.T,リバーエレテック,Standard
6668.T,アドテック　プラズマ　テクノロジー,Standard
6670.T,ＭＣＪ,Standard
6674.T,ジーエス・ユアサ　コーポレーション,Prime
6675.T,サクサ,Standard
6676.T,ＢＵＦＦＡＬＯ,Standard
6677.T,エスケーエレクトロニクス,Standard
6678.T,テクノメディカ,Standard
6694.T,ズーム,Standard
6696.T,トラース・オン・プロダクト,Growth
6699.T,ダイヤモンドエレクトリックホールディングス,Prime
6701.T,日本電気,Prime
6702.T,富士通,Prime
6703.T,沖電気工業,Prime
6706.T,電気興業,Prime
6707.T,サンケン電気,Prime
6718.T,アイホン,Prime
6721.T,ウインテスト,Standard
6723.T,ルネサスエレクトロニクス,Prime
6724.T,セイコーエプソン,Prime
6727.T,ワコム,Prime
6728.T,アルバック,Prime
6730.T,アクセル,Standard
6731.T,ピクセラ,Standard
6734.T,ニューテック,Standard
6736.T,サン電子,Standard
6737.T,ＥＩＺＯ,Prime
6740.T,ジャパンディスプレイ,Prime
6741.T,日本信号,Prime
6742.T,京三製作所,Prime
6743.T,大同信号,Standard
6744.T,能美防災,Prime
6745.T,ホーチキ,Prime
6748.T,星和電機,Standard
6750.T,エレコム,Prime
6752.T,パナソニック　ホールディングス,Prime
6753.T,シャープ,Prime
6754.T,アンリツ,Prime
6757.T,ＯＳＧコーポレーション,Standard
6758.T,ソニーグループ,Prime
6762.T,ＴＤＫ,Prime
6763.T,帝国通信工業,Prime
6768.T,タムラ製作所,Prime
6769.T,ザインエレクトロニクス,Standard
6770.T,アルプスアルパイン,Prime
6771.T,池上通信機,Standard
6772.T,東京コスモス電機,Standard
6775.T,ＴＢグループ,Standard
6776.T,天昇電気工業,Standard
6777.T,ｓａｎｔｅｃ　Ｈｏｌｄｉｎｇｓ,Standard
6778.T,アルチザネットワークス,Standard
6779.T,日本電波工業,Prime
6785.T,鈴木,Prime
6786.T,ＲＶＨ,Standard
6787.T,メイコー,Prime
6788.T,日本トリム,Prime
6794.T,フォスター電機,Prime
6797.T,名古屋電機工業,Standard
6798.T,ＳＭＫ,Prime
6800.T,ヨコオ,Prime
6803.T,ティアック,Standard
6804.T,ホシデン,Prime
6806.T,ヒロセ電機,Prime
6807.T,日本航空電子工業,Prime
6809.T,ＴＯＡ,Prime
6810.T,マクセル,Prime
6814.T,古野電気,Prime
6817.T,スミダコーポレーション,Prime
6819.T,伊豆シャボテンリゾート,Standard
6820.T,アイコム,Prime
6822.T,大井電気,Standard
6823.T,リオン,Prime
6824.T,新コスモス電機,Standard
6832.T,アオイ電子,Standard
6834.T,精工技研,Standard
6835.T,アライドテレシスホールディングス,Standard
6836.T,ぷらっとホーム,Standard
6837.T,京写,Standard
6838.T,多摩川ホールディングス,Standard
6840.T,ＡＫＩＢＡホールディングス,Standard
6841.T,横河電機,Prime
6844.T,新電元工業,Prime
6845.T,アズビル,Prime
6848.T,東亜ディーケーケー,Standard
6849.T,日本光電工業,Prime
6850.T,チノー,Prime
6853.T,共和電業,Standard
6855.T,日本電子材料,Standard
6856.T,堀場製作所,Prime
6857.T,アドバンテスト,Prime
6858.T,小野測器,Standard
6859.T,エスペック,Prime
6861.T,キーエンス,Prime
6862.T,ミナトホールディングス,Standard
6863.T,ニレコ,Standard
6864.T,エヌエフホールディングス,Standard
6866.T,日置電機,Prime
6867.T,リーダー電子,Standard
6869.T,シスメックス,Prime
6870.T,日本フェンオール,Standard
6871.T,日本マイクロニクス,Prime
6874.T,協立電機,Standard
6875.T,メガチップス,Prime
6877.T,ＯＢＡＲＡ　ＧＲＯＵＰ,Standard
6882.T,三社電機製作所,Standard
6888.T,アクモス,Standard
6890.T,フェローテック,Standard
6894.T,パルステック工業,Standard
6897.T,ツインバード,Standard
6898.T,トミタ電機,Standard
6899.T,ＡＳＴＩ,Standard
6901.T,澤藤電機,Standard
6902.T,デンソー,Prime
6904.T,原田工業,Standard
6905.T,コーセル,Prime
6907.T,ジオマテック,Standard
6908.T,イリソ電子工業,Prime
6912.T,菊水ホールディングス,Standard
6914.T,オプテックスグループ,Prime
6915.T,千代田インテグレ,Standard
6918.T,アバールデータ,Standard
6919.T,ケル,Standard
6920.T,レーザーテック,Prime
6923.T,スタンレー電気,Prime
6925.T,ウシオ電機,Prime
6926.T,岡谷電機産業,Standard
6927.T,ヘリオス　テクノ　ホールディング,Standard
6928.T,エノモト,Standard
6929.T,日本セラミック,Prime
6932.T,遠藤照明,Standard
6941.T,山一電機,Prime
6942.T,ソフィアホールディングス,Standard
6943.T,ＮＫＫスイッチズ,Standard
6946.T,日本アビオニクス,Standard
6947.T,図研,Prime
6951.T,日本電子,Prime
6952.T,カシオ計算機,Prime
6954.T,ファナック,Prime
6955.T,ＦＤＫ,Standard
6958.T,日本シイエムケイ,Prime
6960.T,フクダ電子,Standard
6961.T,エンプラス,Prime
6962.T,大真空,Prime
6963.T,ローム,Prime
6964.T,サンコー,Standard
6965.T,浜松ホトニクス,Prime
6966.T,三井ハイテック,Prime
6969.T,松尾電機,Standard
6971.T,京セラ,Prime
6976.T,太陽誘電,Prime
6977.T,日本抵抗器製作所,Standard
6981.T,村田製作所,Prime
6982.T,リード,Standard
6986.T,双葉電子工業,Prime
6988.T,日東電工,Prime
6989.T,北陸電気工業,Standard
6993.T,大黒屋ホールディングス,Standard
6994.T,指月電機製作所,Standard
6995.T,東海理化電機製作所,Prime
6996.T,ニチコン,Prime
6997.T,日本ケミコン,Prime
6998.T,日本タングステン,Standard
6999.T,ＫＯＡ,Prime
7003.T,三井Ｅ＆Ｓ,Prime
7004.T,カナデビア,Prime
7011.T,三菱重工業,Prime
7012.T,川崎重工業,Prime
7013.T,ＩＨＩ,Prime
7014.T,名村造船所,Standard
7018.T,内海造船,Standard
7021.T,ニッチツ,Standard
7022.T,サノヤスホールディングス,Standard
7030.T,スプリックス,Standard
7031.T,インバウンドテック,Growth
7033.T,マネジメントソリューションズ,Prime
7034.T,プロレド・パートナーズ,Prime
7035.T,ａｎｄ　ｆａｃｔｏｒｙ,Standard
7036.T,イーエムネットジャパン,Growth
7037.T,テノ．ホールディングス,Standard
7038.T,フロンティア・マネジメント,Prime
7039.T,ブリッジインターナショナルグループ,Growth
7040.T,サン・ライフホールディング,Standard
7041.T,ＣＲＧホールディングス,Growth
7042.T,アクセスグループ・ホールディングス,Standard
7043.T,アルー,Growth
7044.T,ピアラ,Standard
7046.T,ＴＤＳＥ,Growth
7047.T,ポート,Growth
7048.T,ベルトラ,Growth
7049.T,識学,Growth
7050.T,フロンティアインターナショナル,Growth
7057.T,エヌ・シー・エヌ,Standard
7058.T,共栄セキュリティーサービス,Standard
7059.T,コプロ・ホールディングス,Prime
7060.T,ギークス,Standard
7061.T,日本ホスピスホールディングス,Growth
7062.T,フレアス,Growth
7063.T,Ｂｉｒｄｍａｎ,Growth
7064.T,ハウテレビジョン,Growth
7065.T,ユーピーアール,Standard
7066.T,ピアズ,Growth
7067.T,ブランディングテクノロジー,Growth
7068.T,フィードフォースグループ,Growth
7069.T,サイバー・バズ,Growth
7071.T,アンビスホールディングス,Prime
7072.T,インティメート・マージャー,Growth
7073.T,ジェイック,Growth
7074.T,トゥエンティーフォーセブンホールディングス,Growth
7075.T,ＱＬＳホールディングス,Growth
7077.T,ＡＬｉＮＫインターネット,Growth
7078.T,ＩＮＣＬＵＳＩＶＥ　Ｈｏｌｄｉｎｇｓ,Growth
7079.T,ＷＤＢココ,Growth
7080.T,スポーツフィールド,Growth
7081.T,コーユーレンティア,Standard
7082.T,ジモティー,Growth
7083.T,ＡＨＣグループ,Growth
7084.T,Ｓｍｉｌｅ　Ｈｏｌｄｉｎｇｓ,Growth
7085.T,カーブスホールディングス,Prime
7087.T,ウイルテック,Standard
7088.T,フォーラムエンジニアリング,Prime
7089.T,フォースタートアップス,Growth
7090.T,リグア,Growth
7091.T,リビングプラットフォーム,Growth
7092.T,Ｆａｓｔ　Ｆｉｔｎｅｓｓ　Ｊａｐａｎ,Prime
7093.T,アディッシュ,Growth
7094.T,ＮｅｘＴｏｎｅ,Growth
7095.T,Ｍａｃｂｅｅ　Ｐｌａｎｅｔ,Prime
7096.T,ステムセル研究所,Growth
7097.T,さくらさくプラス,Growth
7102.T,日本車輌製造,Prime
7105.T,三菱ロジスネクスト,Standard
7110.T,クラシコム,Growth
7111.T,ＩＮＥＳＴ,Standard
7112.T,キューブ,Growth
7114.T,フーディソン,Growth
7115.T,アルファパーチェス,Standard
7116.T,ダイワ通信,Standard
7119.T,ハルメクホールディングス,Growth
7120.T,ＳＨＩＮＫＯ,Standard
7122.T,近畿車輛,Standard
7126.T,グローバルスタイル,Standard
7127.T,一家ホールディングス,Standard
7128.T,ユニソルホールディングス,Prime
7129.T,ミアヘルサホールディングス,Standard
7130.T,ヤマエグループホールディングス,Prime
7131.T,のむら産業,Standard
7133.T,ＨＹＵＧＡ　ＰＲＩＭＡＲＹ　ＣＡＲＥ,Growth
7134.T,アップガレージグループ,Standard
7135.T,ジャパンクラフトホールディングス,Standard
7138.T,ＴＯＲＩＣＯ,Growth
7140.T,ペットゴー,Growth
7148.T,ＦＰＧ,Prime
7150.T,島根銀行,Standard
7157.T,ライフネット生命保険,Prime
7161.T,じもとホールディングス,Standard
7162.T,アストマックス,Standard
7164.T,全国保証,Prime
7167.T,めぶきフィナンシャルグループ,Prime
7172.T,ジャパンインベストメントアドバイザー,Prime
7173.T,東京きらぼしフィナンシャルグループ,Prime
7175.T,今村証券,Standard
7177.T,ＧＭＯフィナンシャルホールディングス,Standard
7180.T,九州フィナンシャルグループ,Prime
7181.T,かんぽ生命保険,Prime
7182.T,ゆうちょ銀行,Prime
7183.T,あんしん保証,Standard
7184.T,富山第一銀行,Prime
7185.T,ヒロセ通商,Standard
7186.T,横浜フィナンシャルグループ,Prime
7187.T,ジェイリース,Prime
7189.T,西日本フィナンシャルホールディングス,Prime
7191.T,イントラスト,Standard
7192.T,日本モーゲージサービス,Standard
7196.T,Ｃａｓａ,Standard
7198.T,ＳＢＩアルヒ,Prime
7199.T,プレミアグループ,Prime
7201.T,日産自動車,Prime
7202.T,いすゞ自動車,Prime
7203.T,トヨタ自動車,Prime
7205.T,日野自動車,Prime
7208.T,カネミツ,Standard
7211.T,三菱自動車工業,Prime
7212.T,エフテック,Standard
7213.T,レシップホールディングス,Standard
7214.T,ＧＭＢ,Standard
7215.T,ファルテック,Standard
7217.T,テイン,Standard
7218.T,田中精密工業,Standard
7219.T,エッチ・ケー・エス,Standard
7220.T,武蔵精密工業,Prime
7222.T,日産車体,Standard
7224.T,新明和工業,Prime
7226.T,極東開発工業,Prime
7228.T,デイトナ,Standard
7229.T,ユタカ技研,Standard
7231.T,トピー工業,Prime
7235.T,東京ラヂエーター製造,Standard
7236.T,ティラド,Prime
7238.T,曙ブレーキ工業,Prime
7239.T,タチエス,Prime
7240.T,ＮＯＫ,Prime
7241.T,フタバ産業,Prime
7242.T,カヤバ,Prime
7244.T,市光工業,Prime
7245.T,大同メタル工業,Prime
7246.T,プレス工業,Prime
7247.T,ミクニ,Standard
7250.T,太平洋工業,Prime
7254.T,ユニバンス,Standard
7255.T,桜井製作所,Standard
7256.T,河西工業,Standard
7259.T,アイシン,Prime
7261.T,マツダ,Prime
7264.T,ムロコーポレーション,Standard
7265.T,エイケン工業,Standard
7266.T,今仙電機製作所,Standard
7267.T,本田技研工業,Prime
7269.T,スズキ,Prime
7270.T,ＳＵＢＡＲＵ,Prime
7271.T,安永,Standard
7272.T,ヤマハ発動機,Prime
7273.T,イクヨ,Standard
7276.T,小糸製作所,Prime
7277.T,ＴＢＫ,Standard
7278.T,エクセディ,Prime
7279.T,ハイレックスコーポレーション,Standard
7280.T,ミツバ,Prime
7282.T,豊田合成,Prime
7283.T,愛三工業,Prime
7284.T,盟和産業,Standard
7287.T,日本精機,Standard
7291.T,日本プラスト,Standard
7292.T,村上開明堂,Standard
7294.T,ヨロズ,Prime
7296.T,エフ・シー・シー,Prime
7297.T,カーメイト,Standard
7299.T,フジオーゼックス,Standard
7305.T,新家工業,Standard
7309.T,シマノ,Prime
7313.T,テイ・エス　テック,Prime
7314.T,小田原機器,Standard
7317.T,松屋アールアンドディ,Growth
7318.T,セレンディップ・ホールディングス,Growth
7320.T,Ｓｏｌｖｖｙ,Growth
7322.T,三十三フィナンシャルグループ,Prime
7325.T,アイリックコーポレーション,Growth
7326.T,ＳＢＩインシュアランスグループ,Growth
7327.T,第四北越フィナンシャルグループ,Prime
7337.T,ひろぎんホールディングス,Prime
7343.T,ブロードマインド,Growth
7345.T,アイ・パートナーズフィナンシャル,Growth
7347.T,マーキュリアホールディングス,Prime
7350.T,おきなわフィナンシャルグループ,Prime
7351.T,グッドパッチ,Growth
7352.T,ＴＷＯＳＴＯＮＥ＆Ｓｏｎｓ,Growth
7353.T,ＫＩＹＯラーニング,Growth
7354.T,ダイレクトマーケティングミックス,Standard
7356.T,Ｒｅｔｔｙ,Growth
7357.T,ジオコード,Standard
7358.T,ポピンズ,Standard
7359.T,東京通信グループ,Growth
7360.T,オンデック,Growth
7361.T,ヒューマンクリエイションホールディングス,Growth
7362.T,Ｔ．Ｓ．Ｉ,Growth
7363.T,ベビーカレンダー,Growth
7366.T,ＬＩＴＡＬＩＣＯ,Prime
7367.T,セルム,Standard
7368.T,表示灯,Standard
7369.T,メイホーホールディングス,Growth
7370.T,Ｅｎｊｉｎ,Growth
7371.T,Ｚｅｎｋｅｎ,Growth
7372.T,デコルテ・ホールディングス,Growth
7373.T,アイドマ・ホールディングス,Growth
7374.T,コンフィデンス・インターワークス,Growth
7375.T,リファインバースグループ,Growth
7376.T,ＢＣＣ,Growth
7377.T,ＤＮホールディングス,Standard
7378.T,アシロ,Growth
7380.T,十六フィナンシャルグループ,Prime
7381.T,ＣＣＩグループ,Prime
7383.T,ネットプロテクションズホールディングス,Prime
7384.T,プロクレアホールディングス,Prime
7388.T,ＦＰパートナー,Prime
7389.T,あいちフィナンシャルグループ,Prime
7399.T,ナンシン,Standard
7409.T,ＡｅｒｏＥｄｇｅ,Growth
7412.T,アトム,Standard
7413.T,創健社,Standard
7414.T,小野建,Prime
7416.T,はるやまホールディングス,Standard
7417.T,南陽,Standard
7419.T,ノジマ,Prime
7420.T,佐鳥電機,Prime
7421.T,カッパ・クリエイト,Prime
7422.T,東邦レマック,Standard
7425.T,初穂商事,Standard
7426.T,山大,Standard
7427.T,エコートレーディング,Standard
7433.T,伯東,Prime
7434.T,オータケ,Standard
7435.T,ナ・デックス,Standard
7438.T,コンドーテック,Prime
7442.T,中山福,Standard
7443.T,横浜魚類,Standard
7444.T,ハリマ共和物産,Standard
7445.T,ライトオン,Standard
7446.T,東北化学薬品,Standard
7447.T,ナガイレーベン,Prime
7450.T,サンデー,Standard
7453.T,良品計画,Prime
7455.T,パリミキホールディングス,Standard
7456.T,松田産業,Prime
7458.T,第一興商,Prime
7459.T,メディパルホールディングス,Prime
7460.T,ヤギ,Standard
7461.T,キムラ,Standard
7462.T,ＣＡＰＩＴＡ,Standard
7463.T,アドヴァングループ,Standard
7464.T,セフテック,Standard
7466.T,ＳＰＫ,Prime
7467.T,萩原電気ホールディングス,Prime
7472.T,鳥羽洋行,Standard
7475.T,アルビス,Prime
7476.T,アズワン,Prime
7477.T,ムラキ,Standard
7480.T,スズデン,Standard
7481.T,尾家産業,Standard
7482.T,シモジマ,Prime
7483.T,ドウシシャ,Prime
7486.T,サンリン,Standard
7487.T,小津産業,Standard
7490.T,日新商事,Standard
7494.T,コナカ,Standard
7500.T,西川計測,Standard
7501.T,ティムコ,Standard
7502.T,プラザホールディングス,Standard
7504.T,高速,Prime
7505.T,扶桑電通,Standard
7506.T,ハウス　オブ　ローゼ,Standard
7508.T,Ｇ‐７ホールディングス,Prime
7509.T,アイエーグループ,Standard
7510.T,たけびし,Prime
7512.T,イオン北海道,Standard
7513.T,コジマ,Prime
7514.T,ヒマラヤ,Standard
7515.T,マルヨシセンター,Standard
7516.T,コーナン商事,Prime
7520.T,エコス,Prime
7521.T,ムサシ,Standard
7522.T,ワタミ,Prime
7523.T,アールビバン,Standard
7524.T,マルシェ,Standard
7525.T,リックス,Prime
7527.T,システムソフト,Standard
7531.T,清和中央ホールディングス,Standard
7532.T,パン・パシフィック・インターナショナルホールディングス,Prime
7537.T,丸文,Prime
7538.T,大水,Standard
7539.T,アイナボホールディングス,Standard
7544.T,スリーエフ,Standard
7545.T,西松屋チェーン,Prime
7550.T,ゼンショーホールディングス,Prime
75505.T,ゼンショーホールディングス第１回社債型種類株式,Prime
7551.T,ウェッズ,Standard
7552.T,ハピネット,Prime
7554.T,幸楽苑,Prime
7555.T,大田花き,Standard
7561.T,ハークスレイ,Standard
7562.T,安楽亭,Standard
7564.T,ワークマン,Standard
7565.T,萬世電機,Standard
7567.T,栄電子,Standard
7570.T,橋本総業ホールディングス,Standard
7571.T,ヤマノホールディングス,Standard
7575.T,日本ライフライン,Prime
7578.T,ニチリョク,Standard
7581.T,サイゼリヤ,Prime
7585.T,かんなん丸,Standard
7590.T,タカショー,Standard
7593.T,ＶＴホールディングス,Prime
7595.T,アルゴグラフィックス,Prime
7596.T,魚力,Prime
7599.T,ＩＤＯＭ,Prime
7600.T,日本エム・ディ・エム,Prime
7601.T,ポプラ,Standard
7602.T,レダックス,Standard
7603.T,ジーイエット,Standard
7604.T,梅の花グループ,Standard
7606.T,ユナイテッドアローズ,Prime
7607.T,進和,Prime
7608.T,エスケイジャパン,Standard
7609.T,ダイトロン,Prime
7610.T,テイツー,Standard
7611.T,ハイデイ日高,Prime
7613.T,シークス,Prime
7614.T,オーエムツーネットワーク,Standard
7615.T,京都きもの友禅ホールディングス,Standard
7616.T,コロワイド,Prime
7619.T,田中商事,Standard
7621.T,うかい,Standard
7624.T,ＮａＩＴＯ,Standard
7625.T,グローバルダイニング,Standard
7628.T,オーハシテクニカ,Prime
7630.T,壱番屋,Prime
7634.T,星医療酸器,Standard
7635.T,杉田エース,Standard
7636.T,ハンズマン,Standard
7637.T,白銅,Prime
7638.T,ＮＥＷ　ＡＲＴ　ＨＯＬＤＩＮＧＳ,Standard
7640.T,トップカルチャー,Standard
7643.T,ダイイチ,Standard
7646.T,ＰＬＡＮＴ,Standard
7649.T,スギホールディングス,Prime
7670.T,オーウエル,Standard
7673.T,ダイコー通産,Standard
7674.T,ＮＡＴＴＹ　ＳＷＡＮＫＹホールディングス,Growth
7677.T,ヤシマキザイ,Standard
7678.T,あさくま,Standard
7679.T,薬王堂ホールディングス,Prime
7681.T,レオクラン,Standard
7682.T,浜木綿,Standard
7683.T,ダブルエー,Prime
7685.T,ＢｕｙＳｅｌｌ　Ｔｅｃｈｎｏｌｏｇｉｅｓ,Growth
7686.T,ひとまいる,Standard
7687.T,ミクリード,Growth
7689.T,コパ・コーポレーション,Growth
7692.T,アースインフィニティ,Standard
7694.T,いつも,Growth
7695.T,交換できるくん,Growth
7698.T,アイスコ,Standard
7701.T,島津製作所,Prime
7702.T,ＪＭＳ,Standard
7707.T,プレシジョン・システム・サイエンス,Growth
7709.T,クボテック,Standard
7711.T,助川電気工業,Standard
7713.T,シグマ光機,Standard
7715.T,長野計器,Prime
7716.T,ナカニシ,Standard
7717.T,ブイ・テクノロジー,Prime
7718.T,スター精密,Prime
7719.T,東京衡機,Standard
7721.T,東京計器,Prime
7722.T,国際計測器,Standard
7723.T,愛知時計電機,Prime
7725.T,インターアクション,Prime
7726.T,黒田精工,Standard
7727.T,オーバル,Standard
7729.T,東京精密,Prime
7730.T,マニー,Prime
7731.T,ニコン,Prime
7733.T,オリンパス,Prime
7734.T,理研計器,Prime
7735.T,ＳＣＲＥＥＮホールディングス,Prime
7739.T,キヤノン電子,Prime
7740.T,タムロン,Prime
7741.T,ＨＯＹＡ,Prime
7743.T,シード,Prime
7744.T,ノーリツ鋼機,Prime
7745.T,Ａ＆Ｄホロンホールディングス,Prime
7746.T,岡本硝子,Standard
7747.T,朝日インテック,Prime
7749.T,メディキット,Standard
7751.T,キヤノン,Prime
7752.T,リコー,Prime
7760.T,ＩＭＶ,Standard
7762.T,シチズン時計,Prime
7769.T,リズム,Prime
7771.T,日本精密,Standard
7774.T,ジャパン・ティッシュエンジニアリング,Growth
7775.T,大研医器,Standard
7776.T,セルシード,Growth
7777.T,スリー・ディー・マトリックス,Growth
7779.T,ＣＹＢＥＲＤＹＮＥ,Growth
7780.T,メニコン,Prime
7781.T,平山ホールディングス,Standard
7782.T,シンシア,Standard
7791.T,ドリームベッド,Standard
7792.T,コラントッテ,Growth
7793.T,イメージ・マジック,Growth
7794.T,イーディーピー,Growth
7795.T,ＫＹＯＲＩＴＳＵ,Standard
7800.T,アミファ,Standard
7803.T,ブシロード,Growth
7804.T,ビーアンドピー,Standard
7805.T,プリントネット,Standard
7806.T,ＭＴＧ,Growth
7807.T,幸和製作所,Standard
7808.T,シー・エス・ランバー,Standard
7809.T,壽屋,Standard
7810.T,クロスフォー,Standard
7811.T,中本パックス,Standard
7812.T,クレステック,Standard
7813.T,プラッツ,Standard
7814.T,日本創発グループ,Standard
7815.T,東京ボード工業,Standard
7817.T,パラマウントベッドホールディングス,Prime
7818.T,トランザクション,Prime
7819.T,粧美堂,Standard
7820.T,ニホンフラッシュ,Prime
7821.T,前田工繊,Prime
7822.T,永大産業,Standard
7823.T,アートネイチャー,Standard
7826.T,フルヤ金属,Prime
7827.T,オービス,Standard
7831.T,ウイルコホールディングス,Standard
7832.T,バンダイナムコホールディングス,Prime
7833.T,アイフィスジャパン,Standard
7836.T,アビックス,Standard
7837.T,アールシーコア,Standard
7839.T,ＳＨＯＥＩ,Prime
7840.T,フランスベッドホールディングス,Prime
7841.T,遠藤製作所,Standard
7844.T,マーベラス,Prime
7846.T,パイロットコーポレーション,Prime
7847.T,グラファイトデザイン,Standard
7849.T,スターツ出版,Standard
7850.T,総合商研,Standard
7851.T,カワセコンピュータサプライ,Standard
7856.T,萩原工業,Prime
7857.T,セキ,Standard
7859.T,アルメディオ,Standard
7860.T,エイベックス,Prime
7863.T,平賀,Standard
7864.T,フジシールインターナショナル,Prime
7865.T,ピープル,Standard
7867.T,タカラトミー,Prime
7868.T,広済堂ホールディングス,Prime
7871.T,フクビ化学工業,Standard
7872.T,エステールホールディングス,Standard
7874.T,レック,Prime
7875.T,竹田ｉＰホールディングス,Standard
7877.T,永大化工,Standard
7878.T,光・彩,Standard
7879.T,ノダ,Standard
7883.T,サンメッセ,Standard
7885.T,タカノ,Standard
7886.T,ヤマト　モビリティ　＆　Ｍｆｇ．,Standard
7887.T,南海プライウッド,Standard
7888.T,三光合成,Prime
7893.T,プロネクサス,Prime
7896.T,セブン工業,Standard
7897.T,ホクシン,Standard
7898.T,ウッドワン,Standard
7901.T,マツモト,Standard
7902.T,ソノコム,Standard
7906.T,ヨネックス,Standard
7908.T,きもと,Standard
7911.T,ＴＯＰＰＡＮホールディングス,Prime
7912.T,大日本印刷,Prime
7914.T,共同印刷,Prime
7915.T,ＮＩＳＳＨＡ,Prime
7916.T,光村印刷,Standard
7917.T,ＺＡＣＲＯＳ,Prime
7918.T,ヴィア・ホールディングス,Standard
7919.T,野崎印刷紙業,Standard
7921.T,ＴＡＫＡＲＡ　＆　ＣＯＭＰＡＮＹ,Prime
7922.T,三光産業,Standard
7923.T,トーイン,Standard
7925.T,前澤化成工業,Prime
7927.T,ムトー精工,Standard
7928.T,旭化学工業,Standard
7931.T,未来工業,Prime
7932.T,ニッピ,Standard
7936.T,アシックス,Prime
7937.T,ツツミ,Standard
7938.T,リーガルコーポレーション,Standard
7939.T,研創,Standard
7940.T,ウェーブロックホールディングス,Standard
7942.T,ＪＳＰ,Prime
7943.T,ニチハ,Prime
7944.T,ローランド,Prime
7946.T,光陽社,Standard
7947.T,エフピコ,Prime
7949.T,小松ウオール工業,Prime
7951.T,ヤマハ,Prime
7952.T,河合楽器製作所,Prime
7953.T,菊水化学工業,Standard
7955.T,クリナップ,Prime
7956.T,ピジョン,Prime
7957.T,フジコピアン,Standard
7962.T,キングジム,Prime
7963.T,興研,Standard
7965.T,象印マホービン,Prime
7966.T,リンテック,Prime
7970.T,信越ポリマー,Prime
7971.T,東リ,Standard
7972.T,イトーキ,Prime
7974.T,任天堂,Prime
7975.T,リヒトラブ,Standard
7976.T,三菱鉛筆,Prime
7979.T,松風,Prime
7980.T,重松製作所,Standard
7981.T,タカラスタンダード,Prime
7983.T,ミロク,Standard
7984.T,コクヨ,Prime
7985.T,ネポン,Standard
7986.T,日本アイ・エス・ケイ,Standard
7987.T,ナカバヤシ,Standard
7988.T,ニフコ,Prime
7989.T,立川ブラインド工業,Prime
7990.T,グローブライド,Prime
7991.T,マミヤ・オーピー,Standard
7992.T,セーラー万年筆,Standard
7994.T,オカムラ,Prime
7995.T,バルカー,Prime
7997.T,くろがね工作所,Standard
7999.T,ＭＵＴＯＨホールディングス,Standard
8001.T,伊藤忠商事,Prime
8002.T,丸紅,Prime
8005.T,スクロール,Prime
8006.T,ユアサ・フナショク,Standard
8007.T,高島,Prime
8008.T,ヨンドシーホールディングス,Prime
8011.T,三陽商会,Prime
8012.T,長瀬産業,Prime
8013.T,ナイガイ,Standard
8014.T,蝶理,Prime
8015.T,豊田通商,Prime
8016.T,オンワードホールディングス,Prime
8018.T,三共生興,Standard
8020.T,兼松,Prime
8022.T,美津濃,Prime
8023.T,ＤＡＩＫＯ　ＸＴＥＣＨ,Standard
8025.T,ツカモトコーポレーション,Standard
8029.T,ルックホールディングス,Standard
8030.T,中央魚類,Standard
8031.T,三井物産,Prime
8032.T,日本紙パルプ商事,Prime
8035.T,東京エレクトロン,Prime
8037.T,カメイ,Prime
8039.T,築地魚市場,Standard
8040.T,東京ソワール,Standard
8041.T,ＯＵＧホールディングス,Standard
8043.T,スターゼン,Prime
8045.T,横浜丸魚,Standard
8046.T,丸藤シートパイル,Standard
8050.T,セイコーグループ,Prime
8051.T,山善,Prime
8052.T,椿本興業,Prime
8053.T,住友商事,Prime
8056.T,ＢＩＰＲＯＧＹ,Prime
8057.T,内田洋行,Prime
8058.T,三菱商事,Prime
8059.T,第一実業,Prime
8060.T,キヤノンマーケティングジャパン,Prime
8061.T,西華産業,Prime
8065.T,佐藤商事,Prime
8066.T,三谷商事,Standard
8070.T,東京産業,Prime
8074.T,ユアサ商事,Prime
8075.T,神鋼商事,Prime
8076.T,カノークス,Standard
8077.T,トルク,Standard
8078.T,阪和興業,Prime
8079.T,正栄食品工業,Prime
8081.T,カナデン,Prime
8084.T,ＲＹＯＤＥＮ,Prime
8085.T,ナラサキ産業,Standard
8086.T,ニプロ,Prime
8088.T,岩谷産業,Prime
8089.T,ナイス,Standard
8091.T,ニチモウ,Prime
8093.T,極東貿易,Prime
8095.T,アステナホールディングス,Prime
8097.T,三愛オブリ,Prime
8098.T,稲畑産業,Prime
8101.T,ＧＳＩクレオス,Prime
8103.T,明和産業,Prime
8104.T,クワザワホールディングス,Standard
8105.T,Ｂｉｔｃｏｉｎ　Ｊａｐａｎ,Standard
8107.T,キムラタン,Standard
8111.T,ゴールドウイン,Prime
8113.T,ユニ・チャーム,Prime
8115.T,ムーンバット,Standard
8117.T,中央自動車工業,Standard
8118.T,キング,Standard
8119.T,三栄コーポレーション,Standard
8123.T,川辺,Standard
8125.T,ワキタ,Prime
8127.T,ヤマトインターナショナル,Standard
8129.T,東邦ホールディングス,Prime
8130.T,サンゲツ,Prime
8131.T,ミツウロコグループホールディングス,Standard
8132.T,シナネンホールディングス,Prime
8133.T,伊藤忠エネクス,Prime
8135.T,ゼット,Standard
8136.T,サンリオ,Prime
8137.T,サンワテクノス,Prime
8138.T,三京化成,Standard
8139.T,ナガホリ,Standard
8141.T,新光商事,Prime
8142.T,トーホー,Prime
8143.T,ラピーヌ,Standard
8144.T,デンキョーグループホールディングス,Standard
8147.T,トミタ,Standard
8150.T,三信電気,Prime
8151.T,東陽テクニカ,Prime
8152.T,ソマール,Standard
8153.T,モスフードサービス,Prime
8154.T,加賀電子,Prime
8157.T,都築電気,Prime
8158.T,ソーダニッカ,Prime
8159.T,立花エレテック,Prime
8160.T,木曽路,Prime
8163.T,ＳＲＳホールディングス,Prime
8165.T,千趣会,Standard
8166.T,タカキュー,Standard
8167.T,リテールパートナーズ,Prime
8173.T,上新電機,Prime
8174.T,日本瓦斯,Prime
8179.T,ロイヤルホールディングス,Prime
8181.T,東天紅,Standard
8185.T,チヨダ,Prime
8194.T,ライフコーポレーション,Prime
8198.T,マックスバリュ東海,Standard
8200.T,リンガーハット,Prime
8202.T,ラオックスホールディングス,Standard
8203.T,ＭｒＭａｘＨＤ,Prime
8207.T,テンアライド,Standard
8209.T,フレンドリー,Standard
8214.T,ＡＯＫＩホールディングス,Prime
8217.T,オークワ,Prime
8218.T,コメリ,Prime
8219.T,青山商事,Prime
8225.T,タカチホ,Standard
8226.T,理経,Standard
8227.T,しまむら,Prime
8230.T,はせがわ,Standard
8233.T,高島屋,Prime
8237.T,松屋,Prime
8242.T,エイチ・ツー・オー　リテイリング,Prime
8244.T,近鉄百貨店,Standard
8247.T,大和,Standard
8252.T,丸井グループ,Prime
8253.T,クレディセゾン,Prime
8254.T,さいか屋,Standard
8255.T,アクシアル　リテイリング,Prime
8260.T,井筒屋,Standard
8267.T,イオン,Prime
8273.T,イズミ,Prime
8275.T,フォーバル,Standard
8276.T,平和堂,Prime
8278.T,フジ,Prime
8281.T,ゼビオホールディングス,Prime
8282.T,ケーズホールディングス,Prime
8283.T,ＰＡＬＴＡＣ,Prime
8285.T,三谷産業,Standard
8289.T,Ｏｌｙｍｐｉｃグループ,Standard
8291.T,日産東京販売ホールディングス,Standard
8303.T,ＳＢＩ新生銀行,Prime
8304.T,あおぞら銀行,Prime
8306.T,三菱ＵＦＪフィナンシャル・グループ,Prime
8308.T,りそなホールディングス,Prime
8309.T,三井住友トラストグループ,Prime
8316.T,三井住友フィナンシャルグループ,Prime
8331.T,千葉銀行,Prime
8334.T,群馬銀行,Prime
8336.T,武蔵野銀行,Prime
8337.T,千葉興業銀行,Prime
8338.T,筑波銀行,Prime
8341.T,七十七銀行,Prime
8343.T,秋田銀行,Prime
8344.T,山形銀行,Prime
8345.T,岩手銀行,Prime
8346.T,東邦銀行,Prime
8349.T,東北銀行,Standard
8354.T,ふくおかフィナンシャルグループ,Prime
8358.T,スルガ銀行,Prime
8359.T,八十二長野銀行,Prime
8360.T,山梨中央銀行,Prime
8361.T,大垣共立銀行,Prime
8362.T,福井銀行,Prime
8364.T,清水銀行,Prime
8365.T,富山銀行,Standard
8366.T,滋賀銀行,Prime
8367.T,南都銀行,Prime
8368.T,百五銀行,Prime
8370.T,紀陽銀行,Prime
8377.T,ほくほくフィナンシャルグループ,Prime
8381.T,山陰合同銀行,Prime
8383.T,鳥取銀行,Standard
8386.T,百十四銀行,Prime
8387.T,四国銀行,Prime
8388.T,阿波銀行,Prime
8392.T,大分銀行,Prime
8393.T,宮崎銀行,Prime
8395.T,佐賀銀行,Prime
8399.T,琉球銀行,Prime
8410.T,セブン銀行,Prime
8411.T,みずほフィナンシャルグループ,Prime
8416.T,高知銀行,Standard
8418.T,山口フィナンシャルグループ,Prime
8424.T,芙蓉総合リース,Prime
8425.T,みずほリース,Prime
8439.T,東京センチュリー,Prime
8473.T,ＳＢＩホールディングス,Prime
8508.T,Ｊトラスト,Standard
8511.T,日本証券金融,Prime
8515.T,アイフル,Prime
8518.T,日本アジア投資,Standard
8522.T,名古屋銀行,Prime
8524.T,北洋銀行,Prime
8537.T,大光銀行,Standard
8541.T,愛媛銀行,Prime
8542.T,トマト銀行,Standard
8544.T,京葉銀行,Prime
8550.T,栃木銀行,Prime
8551.T,北日本銀行,Prime
8558.T,東和銀行,Prime
8562.T,福島銀行,Standard
8563.T,大東銀行,Standard
8566.T,リコーリース,Prime
8570.T,イオンフィナンシャルサービス,Prime
8572.T,アコム,Standard
8584.T,ジャックス,Prime
8585.T,オリエントコーポレーション,Prime
8591.T,オリックス,Prime
8593.T,三菱ＨＣキャピタル,Prime
8595.T,ジャフコ　グループ,Prime
8596.T,九州リースサービス,Standard
8600.T,トモニホールディングス,Prime
8601.T,大和証券グループ本社,Prime
8604.T,野村ホールディングス,Prime
8609.T,岡三証券グループ,Prime
8613.T,丸三証券,Prime
8614.T,東洋証券,Prime
8616.T,東海東京フィナンシャル・ホールディングス,Prime
8617.T,光世証券,Standard
8622.T,水戸証券,Prime
8624.T,いちよし証券,Prime
8628.T,松井証券,Prime
8630.T,ＳＯＭＰＯホールディングス,Prime
8697.T,日本取引所グループ,Prime
8698.T,マネックスグループ,Prime
8699.T,ＨＳホールディングス,Standard
8700.T,丸八証券,Standard
8704.T,トレイダーズホールディングス,Standard
8705.T,日産証券グループ,Standard
8706.T,極東証券,Prime
8707.T,岩井コスモホールディングス,Prime
8708.T,アイザワ証券グループ,Prime
8713.T,フィデアホールディングス,Prime
8714.T,池田泉州ホールディングス,Prime
8715.T,アニコム　ホールディングス,Prime
8725.T,ＭＳ＆ＡＤインシュアランスグループホールディングス,Prime
8729.T,ソニーフィナンシャルグループ,Prime
8737.T,あかつき本社,Standard
8739.T,スパークス・グループ,Prime
8742.T,小林洋行,Standard
8746.T,ｕｎｂａｎｋｅｄ,Standard
8747.T,豊トラスティ証券,Standard
8750.T,第一生命ホールディングス,Prime
8766.T,東京海上ホールディングス,Prime
8769.T,アドバンテッジリスクマネジメント,Standard
8771.T,イー・ギャランティ,Prime
8772.T,アサックス,Standard
8783.T,ａｂｃ,Standard
8789.T,フィンテック　グローバル,Standard
8793.T,ＮＥＣキャピタルソリューション,Prime
8795.T,Ｔ＆Ｄホールディングス,Prime
8798.T,アドバンスクリエイト,Prime
8801.T,三井不動産,Prime
8802.T,三菱地所,Prime
8803.T,平和不動産,Prime
8804.T,東京建物,Prime
8818.T,京阪神ビルディング,Prime
8830.T,住友不動産,Prime
8835.T,太平洋興発,Standard
8836.T,ＲＩＳＥ,Standard
8841.T,テーオーシー,Standard
8844.T,コスモスイニシア,Standard
8848.T,レオパレス２１,Prime
8850.T,スターツコーポレーション,Prime
8860.T,フジ住宅,Prime
8864.T,空港施設,Standard
8869.T,明和地所,Standard
8871.T,ゴールドクレスト,Standard
8876.T,リログループ,Prime
8877.T,エスリード,Prime
8881.T,日神グループホールディングス,Prime
8887.T,シーラホールディングス,Standard
8891.T,ＡＭＧホールディングス,Standard
8892.T,エスコン,Prime
8894.T,ＲＥＶＯＬＵＴＩＯＮ,Standard
8897.T,ＭＩＲＡＲＴＨホールディングス,Prime
8898.T,センチュリー２１・ジャパン,Standard
8904.T,ＡＶＡＮＴＩＡ,Standard
8908.T,毎日コムネット,Standard
8912.T,エリアクエスト,Standard
8914.T,エリアリンク,Standard
8917.T,ファースト住建,Standard
8918.T,ランド,Standard
8919.T,カチタス,Prime
8920.T,東祥,Standard
8923.T,トーセイ,Prime
8927.T,明豊エンタープライズ,Standard
8928.T,穴吹興産,Standard
8929.T,青山財産ネットワークス,Standard
8931.T,和田興産,Standard
8934.T,サンフロンティア不動産,Prime
8935.T,ＦＪネクストホールディングス,Prime
8938.T,グローム・ホールディングス,Growth
8944.T,ランドビジネス,Standard
8945.T,サンネクスタグループ,Standard
8946.T,ＡＳＩＡＮ　ＳＴＡＲ,Standard
8995.T,誠建設工業,Standard
8996.T,ハウスフリーダム,Standard
8999.T,グランディハウス,Prime
9001.T,東武鉄道,Prime
9003.T,相鉄ホールディングス,Prime
9005.T,東急,Prime
9006.T,京浜急行電鉄,Prime
9007.T,小田急電鉄,Prime
9008.T,京王電鉄,Prime
9009.T,京成電鉄,Prime
9010.T,富士急行,Prime
9012.T,秩父鉄道,Standard
9017.T,新潟交通,Standard
9020.T,東日本旅客鉄道,Prime
9021.T,西日本旅客鉄道,Prime
9022.T,東海旅客鉄道,Prime
9023.T,東京地下鉄,Prime
9024.T,西武ホールディングス,Prime
9025.T,鴻池運輸,Prime
9028.T,ゼロ,Standard
9029.T,ヒガシホールディングス,Standard
9031.T,西日本鉄道,Prime
9033.T,広島電鉄,Standard
9034.T,南総通運,Standard
9036.T,東部ネットワーク,Standard
9037.T,ハマキョウレックス,Prime
9039.T,サカイ引越センター,Prime
9041.T,近鉄グループホールディングス,Prime
9042.T,阪急阪神ホールディングス,Prime
9044.T,南海電気鉄道,Prime
9045.T,京阪ホールディングス,Prime
9046.T,神戸電鉄,Prime
9048.T,名古屋鉄道,Prime
9049.T,京福電気鉄道,Standard
9051.T,センコン物流,Standard
9052.T,山陽電気鉄道,Prime
9057.T,遠州トラック,Standard
9059.T,カンダホールディングス,Standard
9060.T,日本ロジテム,Standard
9063.T,岡山県貨物運送,Standard
9064.T,ヤマトホールディングス,Prime
9065.T,山九,Prime
9067.T,丸運,Standard
9068.T,丸全昭和運輸,Prime
9069.T,センコーグループホールディングス,Prime
9072.T,ニッコンホールディングス,Prime
9073.T,京極運輸商事,Standard
9074.T,日本石油輸送,Standard
9075.T,福山通運,Prime
9076.T,セイノーホールディングス,Prime
9081.T,神奈川中央交通,Prime
9082.T,大和自動車交通,Standard
9083.T,神姫バス,Standard
9087.T,タカセ,Standard
9090.T,ＡＺ－ＣＯＭ丸和ホールディングス,Prime
9101.T,日本郵船,Prime
9104.T,商船三井,Prime
9107.T,川崎汽船,Prime
9110.T,ＮＳユナイテッド海運,Prime
9115.T,明海グループ,Standard
9119.T,飯野海運,Prime
9127.T,玉井商船,Standard
9130.T,共栄タンカー,Standard
9142.T,九州旅客鉄道,Prime
9143.T,ＳＧホールディングス,Prime
9145.T,ビーイングホールディングス,Standard
9147.T,ＮＩＰＰＯＮ　ＥＸＰＲＥＳＳホールディングス,Prime
9158.T,シーユーシー,Growth
9159.T,Ｗ　ＴＯＫＹＯ,Growth
9160.T,ノバレーゼ,Standard
9162.T,ブリーチ,Growth
9163.T,ナレルグループ,Growth
9165.T,クオルテック,Growth
9166.T,ＧＥＮＤＡ,Growth
9168.T,ライズ・コンサルティング・グループ,Growth
9171.T,栗林商船,Standard
9173.T,東海汽船,Standard
9193.T,東京汽船,Standard
9201.T,日本航空,Prime
9202.T,ＡＮＡホールディングス,Prime
92025.T,ＡＮＡホールディングス第１回社債型種類株式,Prime
9204.T,スカイマーク,Growth
9206.T,スターフライヤー,Standard
9211.T,エフ・コード,Growth
9212.T,Ｇｒｅｅｎ　Ｅａｒｔｈ　Ｉｎｓｔｉｔｕｔｅ,Growth
9213.T,セイファート,Standard
9214.T,Ｒｅｃｏｖｅｒｙ　Ｉｎｔｅｒｎａｔｉｏｎａｌ,Growth
9215.T,ＣａＳｙ,Growth
9216.T,ビーウィズ,Prime
9218.T,メンタルヘルステクノロジーズ,Growth
9219.T,ギックス,Growth
9220.T,エフビー介護サービス,Standard
9221.T,フルハシＥＰＯ,Standard
9223.T,ＡＳＮＯＶＡ,Growth
9225.T,ブリッジコンサルティンググループ,Growth
9227.T,マイクロ波化学,Growth
9229.T,サンウェルズ,Prime
9233.T,アジア航測,Standard
9235.T,売れるネット広告社グループ,Growth
9236.T,ジャパンＭ＆Ａソリューション,Growth
9237.T,笑美面,Growth
9238.T,バリュークリエーション,Growth
9240.T,デリバリーコンサルティング,Growth
9241.T,フューチャーリンクネットワーク,Growth
9242.T,メディア総研,Growth
9244.T,デジタリフト,Growth
9245.T,リベロ,Growth
9246.T,プロジェクトホールディングス,Growth
9247.T,ＴＲＥホールディングス,Prime
9248.T,人・夢・技術グループ,Standard
9249.T,日本エコシステム,Standard
9250.T,ＧＲＣＳ,Growth
9251.T,ＡＢ＆Ｃｏｍｐａｎｙ,Growth
9252.T,ラストワンマイル,Growth
9253.T,スローガン,Growth
9254.T,ラバブルマーケティンググループ,Growth
9256.T,サクシード,Growth
9258.T,ＣＳ－Ｃ,Growth
9259.T,タカヨシホールディングス,Growth
9262.T,シルバーライフ,Standard
9264.T,ポエック,Standard
9265.T,ヤマシタヘルスケアホールディングス,Standard
9267.T,Ｇｅｎｋｙ　ＤｒｕｇＳｔｏｒｅｓ,Prime
9268.T,オプティマスグループ,Standard
9270.T,バリュエンスホールディングス,Growth
9271.T,和心,Growth
9272.T,ブティックス,Growth
9273.T,コーア商事ホールディングス,Prime
9274.T,ＫＰＰグループホールディングス,Prime
9278.T,ブックオフグループホールディングス,Prime
9279.T,ギフトホールディングス,Prime
9301.T,三菱倉庫,Prime
9302.T,三井倉庫ホールディングス,Prime
9303.T,住友倉庫,Prime
9304.T,澁澤倉庫,Prime
9305.T,ヤマタネ,Prime
9306.T,東陽倉庫,Standard
9307.T,杉村倉庫,Standard
9308.T,乾汽船,Standard
9310.T,日本トランスシティ,Prime
9311.T,アサガミ,Standard
9312.T,ケイヒン,Standard
9313.T,丸八倉庫,Standard
9319.T,中央倉庫,Prime
9322.T,川西倉庫,Standard
9324.T,安田倉庫,Prime
9325.T,ファイズホールディングス,Standard
9326.T,関通,Growth
9327.T,イー・ロジット,Standard
9330.T,揚羽,Growth
9331.T,キャスター,Growth
9332.T,ＮＩＳＳＯホールディングス,Prime
9336.T,大栄環境,Prime
9337.T,トリドリ,Growth
9338.T,ＩＮＦＯＲＩＣＨ,Growth
9339.T,コーチ・エィ,Standard
9340.T,アソインターナショナル,Standard
9341.T,ＧＥＮＯＶＡ,Prime
9342.T,スマサポ,Growth
9343.T,アイビス,Growth
9344.T,アクシスコンサルティング,Growth
9345.T,ビズメイツ,Growth
9346.T,ココルポート,Growth
9347.T,日本管財ホールディングス,Prime
9348.T,ｉｓｐａｃｅ,Growth
9351.T,東洋埠頭,Standard
9353.T,櫻島埠頭,Standard
9355.T,リンコーコーポレーション,Standard
9360.T,鈴与シンワート,Standard
9361.T,伏木海陸運送,Standard
9362.T,兵機海運,Standard
9363.T,大運,Standard
9364.T,上組,Prime
9365.T,トレーディア,Standard
9366.T,サンリツ,Standard
9367.T,大東港運,Standard
9368.T,キムラユニティー,Standard
9369.T,キユーソー流通システム,Standard
9376.T,ユーラシア旅行社,Standard
9380.T,東海運,Standard
9381.T,エーアイテイー,Prime
9385.T,ショーエイコーポレーション,Standard
9401.T,ＴＢＳホールディングス,Prime
9404.T,日本テレビホールディングス,Prime
9405.T,朝日放送グループホールディングス,Prime
9408.T,ＢＳＮメディアホールディングス,Standard
9409.T,テレビ朝日ホールディングス,Prime
9412.T,スカパーＪＳＡＴホールディングス,Prime
9413.T,テレビ東京ホールディングス,Prime
9414.T,日本ＢＳ放送,Standard
9416.T,ビジョン,Prime
9417.T,スマートバリュー,Standard
9418.T,Ｕ－ＮＥＸＴ　ＨＯＬＤＩＮＧＳ,Prime
9419.T,ワイヤレスゲート,Standard
9421.T,エヌジェイホールディングス,Standard
9423.T,フォーバル・リアルストレート,Standard
9424.T,日本通信,Prime
9425.T,ＲｅＹｕｕ　Ｊａｐａｎ,Standard
9428.T,クロップス,Standard
9432.T,ＮＴＴ,Prime
9433.T,ＫＤＤＩ,Prime
9434.T,ソフトバンク,Prime
94345.T,ソフトバンク第１回社債型種類株式,Prime
94346.T,ソフトバンク第２回社債型種類株式,Prime
9435.T,光通信,Prime
9436.T,沖縄セルラー電話,Standard
9438.T,エムティーアイ,Prime
9439.T,エム・エイチ・グループ,Standard
9441.T,ベルパーク,Standard
9444.T,トーシンホールディングス,Standard
9445.T,フォーバルテレコム,Standard
9446.T,サカイホールディングス,Standard
9449.T,ＧＭＯインターネットグループ,Prime
9450.T,ファイバーゲート,Standard
9466.T,アイドママーケティングコミュニケーション,Standard
9467.T,アルファポリス,Growth
9468.T,ＫＡＤＯＫＡＷＡ,Prime
9470.T,学研ホールディングス,Prime
9474.T,ゼンリン,Prime
9475.T,昭文社ホールディングス,Standard
9476.T,中央経済社ホールディングス,Standard
9478.T,ＳＥホールディングス・アンド・インキュベーションズ,Standard
9501.T,東京電力ホールディングス,Prime
9502.T,中部電力,Prime
9503.T,関西電力,Prime
9504.T,中国電力,Prime
9505.T,北陸電力,Prime
9506.T,東北電力,Prime
9507.T,四国電力,Prime
9508.T,九州電力,Prime
9509.T,北海道電力,Prime
9511.T,沖縄電力,Prime
9513.T,電源開発,Prime
9514.T,エフオン,Standard
9517.T,イーレックス,Prime
9519.T,レノバ,Prime
9531.T,東京瓦斯,Prime
9532.T,大阪瓦斯,Prime
9533.T,東邦瓦斯,Prime
9534.T,北海道瓦斯,Prime
9535.T,広島ガス,Prime
9536.T,西部ガスホールディングス,Prime
9537.T,北陸瓦斯,Standard
9539.T,京葉瓦斯,Standard
9543.T,静岡ガス,Prime
9551.T,メタウォーター,Prime
9552.T,クオンツ総研ホールディングス,Prime
9553.T,マイクロアド,Growth
9554.T,ＡＶｉＣ,Growth
9556.T,ＩＮＴＬＯＯＰ,Growth
9557.T,エアークローゼット,Growth
9558.T,ジャパニアス,Growth
9560.T,プログリット,Growth
9561.T,グラッドキューブ,Growth
9562.T,ビジネスコーチ,Growth
9563.T,Ａｔｌａｓ　Ｔｅｃｈｎｏｌｏｇｉｅｓ,Growth
9564.T,ＦＣＥ,Standard
9565.T,ＧＬＯＥ,Growth
9600.T,アイネット,Prime
9601.T,松竹,Prime
9602.T,東宝,Prime
9603.T,エイチ・アイ・エス,Prime
9605.T,東映,Prime
9610.T,ウィルソン・ラーニング　ワールドワイド,Standard
9612.T,ラックランド,Prime
9616.T,共立メンテナンス,Prime
9619.T,イチネンホールディングス,Prime
9621.T,建設技術研究所,Prime
9622.T,スペース,Prime
9625.T,セレスポ,Standard
9627.T,アインホールディングス,Prime
9628.T,燦ホールディングス,Prime
9629.T,ピー・シー・エー,Prime
9632.T,スバル興業,Standard
9633.T,東京テアトル,Standard
9635.T,武蔵野興業,Standard
9636.T,きんえい,Standard
9639.T,三協フロンテア,Standard
9640.T,セゾンテクノロジー,Standard
9644.T,タナベコンサルティンググループ,Prime
9647.T,協和コンサルタンツ,Standard
9651.T,日本プロセス,Standard
9656.T,グリーンランドリゾート,Standard
9658.T,ビジネスブレイン太田昭和,Prime
9661.T,歌舞伎座,Standard
9663.T,ナガワ,Prime
9672.T,東京都競馬,Prime
9678.T,カナモト,Prime
9679.T,ホウライ,Standard
9682.T,ＤＴＳ,Prime
9684.T,スクウェア・エニックス・ホールディングス,Prime
9685.T,ＫＹＣＯＭホールディングス,Standard
9686.T,東洋テック,Standard
9687.T,ＫＳＫ,Standard
9691.T,両毛システムズ,Standard
9692.T,シーイーシー,Prime
9697.T,カプコン,Prime
9698.T,クレオ,Standard
9699.T,ニシオホールディングス,Prime
9701.T,東京會舘,Standard
9702.T,アイ・エス・ビー,Prime
9704.T,アゴーラ　ホスピタリティー　グループ,Standard
9706.T,日本空港ビルデング,Prime
9708.T,帝国ホテル,Standard
9709.T,ＮＣＳ＆Ａ,Standard
9713.T,ロイヤルホテル,Standard
9715.T,トランス・コスモス,Prime
9716.T,乃村工藝社,Prime
9719.T,ＳＣＳＫ,Prime
9720.T,ホテル、ニューグランド,Standard
9722.T,藤田観光,Prime
9723.T,京都ホテル,Standard
9726.T,ＫＮＴ－ＣＴホールディングス,Standard
9729.T,トーカイ,Prime
9731.T,白洋舎,Standard
9733.T,ナガセ,Standard
9735.T,セコム,Prime
9739.T,ＮＳＷ,Prime
9740.T,セントラル警備保障,Prime
9742.T,アイネス,Prime
9743.T,丹青社,Prime
9744.T,メイテックグループホールディングス,Prime
9746.T,ＴＫＣ,Prime
9753.T,アイエックス・ナレッジ,Standard
9755.T,応用地質,Prime
9757.T,船井総研ホールディングス,Prime
9759.T,ＮＳＤ,Prime
9760.T,進学会ホールディングス,Standard
9761.T,東海リース,Standard
9763.T,丸建リース,Standard
9765.T,オオバ,Prime
9766.T,コナミグループ,Prime
9767.T,日建工学,Standard
9768.T,いであ,Standard
9769.T,学究社,Prime
9776.T,札幌臨床検査センター,Standard
9778.T,昴,Standard
9780.T,ハリマビステム,Standard
9782.T,ディーエムエス,Standard
9788.T,ナック,Prime
9790.T,福井コンピュータホールディングス,Prime
9791.T,ビケンテクノ,Standard
9793.T,ダイセキ,Prime
9795.T,ステップ,Prime
9799.T,旭情報サービス,Standard
9812.T,テーオーホールディングス,Standard
9816.T,ストライダーズ,Standard
9818.T,大丸エナウィン,Standard
9820.T,エムティジェネックス,Standard
9823.T,マミーマートホールディングス,Standard
9824.T,泉州電業,Prime
9827.T,リリカラ,Standard
9828.T,Ｇｅｎｋｉ　Ｇｌｏｂａｌ　Ｄｉｎｉｎｇ　Ｃｏｎｃｅｐｔｓ,Standard
9830.T,トラスコ中山,Prime
9831.T,ヤマダホールディングス,Prime
9832.T,オートバックスセブン,Prime
9835.T,ジュンテンドー,Standard
9837.T,モリト,Prime
9842.T,アークランズ,Prime
9843.T,ニトリホールディングス,Prime
9845.T,パーカーコーポレーション,Standard
9846.T,天満屋ストア,Standard
9849.T,共同紙販ホールディングス,Standard
9850.T,グルメ杵屋,Prime
9853.T,銀座ルノアール,Standard
9854.T,愛眼,Standard
9856.T,ケーユーホールディングス,Standard
9857.T,英和,Standard
9861.T,吉野家ホールディングス,Prime
9867.T,ソレキア,Standard
9869.T,加藤産業,Prime
9872.T,北恵,Standard
9876.T,コックス,Standard
9878.T,セキド,Standard
9880.T,イノテック,Prime
9882.T,イエローハット,Prime
9885.T,シャルレ,Standard
9887.T,松屋フーズホールディングス,Prime
9888.T,ＵＥＸ,Standard
9889.T,ＪＢＣＣホールディングス,Prime
9890.T,マキヤ,Standard
9895.T,コンセック,Standard
9896.T,ＪＫホールディングス,Standard
9900.T,サガミホールディングス,Prime
9902.T,日伝,Prime
9903.T,カンセキ,Standard
9904.T,ベリテ,Standard
9906.T,藤井産業,Standard
9908.T,日本電計,Standard
9913.T,日邦産業,Standard
9914.T,植松商会,Standard
9927.T,ワットマン,Standard
9928.T,ミロク情報サービス,Prime
9929.T,平和紙業,Standard
9930.T,北沢産業,Standard
9932.T,杉本商事,Prime
9934.T,因幡電機産業,Prime
9936.T,王将フードサービス,Prime
9941.T,太洋物産,Standard
9946.T,ミニストップ,Prime
9948.T,アークス,Prime
9950.T,ハチバン,Standard
9955.T,ヨンキュウ,Standard
9956.T,バローホールディングス,Prime
9959.T,アシードホールディングス,Standard
9960.T,東テク,Prime
9962.T,ミスミグループ本社,Prime
9969.T,ショクブン,Standard
9972.T,アルテック,Standard
9973.T,ＫＯＺＯホールディングス,Standard
9974.T,ベルク,Prime
9976.T,セキチュー,Standard
9978.T,文教堂グループホールディングス,Standard
9979.T,大庄,Standard
9980.T,ＭＲＫホールディングス,Standard
9982.T,タキヒヨー,Standard
9983.T,ファーストリテイリング,Prime
9984.T,ソフトバンクグループ,Prime
9986.T,蔵王産業,Standard
9987.T,スズケン,Prime
9989.T,サンドラッグ,Prime
9990.T,サックスバー　ホールディングス,Prime
9991.T,ジェコス,Prime
9993.T,ヤマザワ,Standard
9994.T,やまや,Standard
9996.T,サトー商会,Standard
9997.T,ベルーナ,Prime
